age,education,black,hispanic,married,nodegree,re74,re75,treat,re78
37,11,1,0,1,1,0,0,1,9930.05
22,9,0,1,0,1,0,0,1,3595.89
30,12,1,0,0,0,0,0,1,24909.45
27,11,1,0,0,1,0,0,1,7506.15
33,8,1,0,0,1,0,0,1,289.79
22,9,1,0,0,1,0,0,1,4056.49
23,12,1,0,0,0,0,0,1,0
32,11,1,0,0,1,0,0,1,8472.16
22,16,1,0,0,0,0,0,1,2164.02
33,12,0,0,1,0,0,0,1,12418.07
19,9,1,0,0,1,0,0,1,8173.91
21,13,1,0,0,0,0,0,1,17094.64
18,8,1,0,0,1,0,0,1,0
27,10,1,0,1,1,0,0,1,18739.93
17,7,1,0,0,1,0,0,1,3023.88
19,10,1,0,0,1,0,0,1,3228.50
27,13,1,0,0,0,0,0,1,14581.86
23,10,1,0,0,1,0,0,1,7693.40
40,12,1,0,0,0,0,0,1,10804.32
26,12,1,0,0,0,0,0,1,10747.35
23,11,1,0,0,1,0,0,1,0
41,14,0,0,0,0,0,0,1,5149.50
38,9,0,0,0,1,0,0,1,6408.95
24,11,1,0,0,1,0,0,1,1991.40
18,10,1,0,0,1,0,0,1,11163.17
29,11,1,0,1,1,0,0,1,9643.00
25,11,1,0,0,1,0,0,1,9897.05
27,10,0,1,0,1,0,0,1,11142.87
17,10,1,0,0,1,0,0,1,16218.04
24,11,1,0,0,1,0,0,1,995.70
17,10,1,0,0,1,0,0,1,0
48,4,1,0,0,1,0,0,1,6551.59
25,11,1,0,1,1,0,0,1,1574.42
20,12,1,0,0,0,0,0,1,0
25,12,1,0,0,0,0,0,1,3191.75
42,14,1,0,0,0,0,0,1,20505.93
25,5,1,0,0,1,0,0,1,6181.88
23,12,1,0,1,0,0,0,1,5911.55
46,8,1,0,1,1,0,0,1,3094.16
24,10,1,0,0,1,0,0,1,0
21,12,1,0,0,0,0,0,1,1254.58
19,9,0,0,0,1,0,0,1,13188.83
17,8,1,0,0,1,0,0,1,8061.48
18,8,0,1,1,1,0,0,1,2787.96
20,11,1,0,0,1,0,0,1,3972.54
25,11,1,0,1,1,0,0,1,0
17,8,1,0,0,1,0,0,1,0
17,9,1,0,0,1,0,0,1,0
25,5,1,0,0,1,0,0,1,12187.41
23,12,1,0,0,0,0,0,1,4843.18
28,8,1,0,0,1,0,0,1,0
31,11,1,0,1,1,0,0,1,8087.49
18,11,1,0,0,1,0,0,1,0
25,12,1,0,0,0,0,0,1,2348.97
30,11,1,0,1,1,0,0,1,590.78
17,10,1,0,0,1,0,0,1,0
37,9,1,0,0,1,0,0,1,1067.51
41,4,1,0,1,1,0,0,1,7284.99
42,14,1,0,1,0,0,0,1,13167.52
22,11,0,0,0,1,0,0,1,1048.43
17,8,1,0,0,1,0,0,1,0
29,8,1,0,0,1,0,0,1,1923.94
35,10,1,0,0,1,0,0,1,4666.24
27,11,1,0,0,1,0,0,1,549.30
29,4,1,0,0,1,0,0,1,762.91
28,9,1,0,0,1,0,0,1,10694.29
27,11,1,0,0,1,0,0,1,0
23,7,0,0,0,1,0,0,1,0
45,5,1,0,1,1,0,0,1,8546.71
29,13,1,0,0,0,0,0,1,7479.66
27,9,1,0,0,1,0,0,1,0
46,13,1,0,0,0,0,0,1,647.20
18,6,1,0,0,1,0,0,1,0
25,12,1,0,0,0,0,0,1,11965.81
28,15,1,0,0,0,0,0,1,9598.54
25,11,0,0,0,1,0,0,1,18783.35
22,12,1,0,0,0,0,0,1,18678.08
21,9,1,0,0,1,0,0,1,0
40,11,1,0,0,1,0,0,1,23005.60
22,11,1,0,0,1,0,0,1,6456.70
25,12,1,0,0,0,0,0,1,0
18,12,1,0,0,0,0,0,1,2321.11
38,12,0,0,0,0,0,0,1,4941.85
27,13,1,0,0,0,0,0,1,0
27,8,1,0,0,1,0,0,1,0
38,11,1,0,0,1,0,0,1,0
23,8,0,1,0,1,0,0,1,3881.28
26,11,1,0,0,1,0,0,1,17230.96
21,12,0,0,0,0,0,0,1,8048.60
25,8,1,0,0,1,0,0,1,0
31,11,1,0,1,1,0,0,1,14509.93
17,10,1,0,0,1,0,0,1,0
25,11,1,0,0,1,0,0,1,0
21,12,1,0,0,0,0,0,1,9983.78
44,11,1,0,0,1,0,0,1,0
25,12,0,0,0,0,0,0,1,5587.50
18,9,1,0,0,1,0,0,1,4482.85
42,12,1,0,0,0,0,0,1,2456.15
25,10,1,0,0,1,0,0,1,0
31,9,0,1,0,1,0,0,1,26817.60
24,10,1,0,0,1,0,0,1,0
26,10,1,0,0,1,0,0,1,9265.79
25,11,1,0,0,1,0,0,1,485.23
18,11,1,0,0,1,0,0,1,4814.63
19,11,1,0,0,1,0,0,1,7458.10
43,9,1,0,0,1,0,0,1,0
27,13,1,0,0,0,0,0,1,34099.28
17,9,1,0,0,1,0,0,1,1953.27
30,11,1,0,0,1,0,0,1,0
26,10,1,0,1,1,2028.00,0,1,0
20,9,1,0,0,1,6083.99,0,1,8881.67
17,9,0,1,0,1,445.17,74.34,1,6210.67
20,12,1,0,0,0,989.27,165.21,1,0
18,11,1,0,0,1,858.25,214.56,1,929.88
27,12,1,0,1,0,3670.87,334.05,1,0
21,12,0,0,0,0,3670.87,334.05,1,12558.02
27,12,1,0,0,0,2143.41,357.95,1,22163.25
20,12,1,0,0,0,0,377.57,1,1652.64
19,10,1,0,0,1,0,385.27,1,8124.71
23,12,1,0,0,0,5506.31,501.07,1,671.33
29,14,1,0,0,0,0,679.67,1,17814.98
18,10,1,0,0,1,0,798.91,1,9737.15
19,9,1,0,0,1,0,798.91,1,17685.18
27,13,0,0,1,0,9381.57,853.72,1,0
18,11,0,0,0,1,3678.23,919.56,1,4321.71
27,9,1,0,1,1,0,934.45,1,1773.42
22,12,1,0,0,0,5605.85,936.18,1,0
23,10,1,0,1,1,0,936.44,1,11233.26
23,12,0,1,0,0,9385.74,1117.44,1,559.44
20,11,1,0,0,1,3637.50,1220.84,1,1085.44
17,9,1,0,0,1,1716.51,1253.44,1,5445.20
28,11,1,0,0,1,0,1284.08,1,60307.93
26,11,1,0,1,1,0,1392.85,1,1460.36
20,11,1,0,0,1,16318.62,1484.99,1,6943.34
24,11,1,0,1,1,824.39,1666.11,1,4032.71
31,9,1,0,0,1,0,1698.61,1,10363.27
23,8,0,0,1,1,0,1713.15,1,4232.31
18,10,1,0,0,1,2143.41,1784.27,1,11141.39
29,12,1,0,0,0,10881.94,1817.28,1,0
26,11,0,0,0,1,0,2226.27,1,13385.86
24,9,1,0,0,1,9154.70,2288.68,1,4849.56
25,12,1,0,0,0,14426.79,2409.27,1,0
24,10,1,0,0,1,4250.40,2421.95,1,1660.51
46,8,1,0,0,1,3165.66,2594.72,1,0
31,12,0,0,0,0,0,2611.22,1,2484.55
19,11,1,0,0,1,2305.03,2615.28,1,4146.60
19,8,1,0,0,1,0,2657.06,1,9970.68
27,11,1,0,0,1,2206.94,2666.27,1,0
26,11,1,0,1,1,0,2754.65,1,26372.28
20,10,1,0,0,1,5005.73,2777.36,1,5615.19
28,10,1,0,0,1,0,2836.51,1,3196.57
24,12,1,0,0,0,13765.75,2842.76,1,6167.68
19,8,1,0,0,1,2636.35,2937.26,1,7535.94
23,12,1,0,0,0,6269.34,3039.96,1,8484.24
42,9,1,0,1,1,0,3058.53,1,1294.41
25,13,1,0,0,0,12362.93,3090.73,1,0
18,9,1,0,0,1,0,3287.38,1,5010.34
21,12,1,0,0,0,6473.68,3332.41,1,9371.04
27,10,1,0,0,1,1001.15,3550.07,1,0
21,8,1,0,0,1,989.27,3695.90,1,4279.61
22,9,1,0,0,1,2192.88,3836.99,1,3462.56
31,4,1,0,0,1,8517.59,4023.21,1,7382.55
24,10,1,0,1,1,11703.20,4078.15,1,0
29,10,1,0,0,1,0,4398.95,1,0
29,12,1,0,0,0,9748.39,4878.94,1,10976.51
19,10,0,0,0,1,0,5324.11,1,13829.62
19,11,0,1,1,1,5424.48,5463.80,1,6788.46
31,9,1,0,0,1,10717.03,5517.84,1,9558.50
22,10,1,0,1,1,1468.35,5588.66,1,13228.28
21,9,1,0,0,1,6416.47,5749.33,1,743.67
17,10,1,0,0,1,1291.47,5793.85,1,5522.79
26,12,1,0,1,0,8408.76,5794.83,1,1424.94
20,9,0,1,0,1,12260.78,5875.05,1,1358.64
19,10,1,0,0,1,4121.95,6056.75,1,0
26,10,1,0,0,1,25929.68,6788.96,1,672.88
28,11,1,0,0,1,1929.03,6871.86,1,0
22,12,0,1,1,0,492.23,7055.70,1,10092.83
33,11,1,0,0,1,0,7867.92,1,6281.43
22,12,0,0,0,0,6759.99,8455.50,1,12590.71
29,10,0,1,0,1,0,8853.67,1,5112.01
33,12,1,0,1,0,20279.95,10941.35,1,15952.60
25,14,1,0,1,0,35040.07,11536.57,1,36646.95
35,9,1,0,1,1,13602.43,13830.64,1,12803.97
35,8,1,0,1,1,13732.07,17976.15,1,3786.63
33,11,1,0,1,1,14660.71,25142.24,1,4181.94
47,12,0,0,0,0,0,0,0,0
50,12,1,0,1,0,0,0,0,0
44,12,0,0,0,0,0,0,0,0
28,12,1,0,1,0,0,0,0,0
54,12,0,0,1,0,0,0,0,0
55,12,0,1,1,0,0,0,0,0
47,12,0,0,1,0,0,0,0,0
25,12,1,0,0,0,0,0,0,0
44,12,0,0,1,0,0,0,0,0
50,12,1,0,1,0,0,0,0,0
23,12,1,0,0,0,0,0,0,4728.73
49,14,0,0,1,0,0,0,0,0
55,14,0,0,1,0,0,0,0,0
34,14,1,0,1,0,0,0,0,0
34,16,0,0,1,0,0,0,0,11821.81
55,13,0,1,1,0,0,0,0,0
52,12,0,0,1,0,0,0,0,0
52,15,0,0,1,0,0,0,0,0
30,16,0,0,1,0,0,0,0,0
21,12,0,0,0,0,0,0,0,0
30,17,0,0,0,0,0,0,0,0
44,12,0,0,1,0,0,0,0,0
46,12,0,0,0,0,0,0,0,0
53,17,0,0,1,0,0,0,0,0
26,16,0,0,0,0,0,0,0,9014.13
49,12,0,0,1,0,0,0,0,13299.54
39,15,0,0,1,0,0,0,0,1921.04
26,17,0,0,1,0,0,0,0,11821.81
32,16,0,0,1,0,0,0,0,0
34,12,0,0,1,0,0,0,0,0
31,14,0,0,1,0,0,0,0,0
39,17,0,1,1,0,0,0,0,8866.36
40,17,0,0,1,0,0,0,0,0
31,12,0,0,1,0,0,0,0,0
27,13,0,0,1,0,0,0,0,28076.80
48,12,0,0,1,0,0,0,0,0
41,13,0,0,1,0,0,0,0,0
26,14,0,0,0,0,0,0,0,0
50,17,0,0,0,0,0,0,0,0
48,12,0,0,1,0,0,0,0,12930.11
45,16,0,0,1,0,0,0,0,0
37,13,0,0,1,0,0,0,0,0
33,12,0,0,1,0,0,0,0,0
31,12,0,0,1,0,0,0,0,0
36,12,1,0,1,0,0,0,0,17732.72
44,13,0,0,1,0,0,0,0,0
28,17,0,0,1,0,0,0,0,0
30,17,0,0,1,0,0,0,0,0
42,16,0,0,1,0,0,0,0,0
30,12,0,0,1,0,0,0,0,0
27,16,0,0,1,0,0,0,0,0
37,12,0,0,1,0,0,0,0,0
37,12,0,0,1,0,0,0,0,0
45,12,0,0,1,0,0,0,0,22165.90
35,16,0,0,1,0,0,0,0,0
37,17,0,0,1,0,0,0,0,66497.70
27,17,0,0,1,0,0,0,0,0
47,14,0,0,1,0,0,0,0,0
48,12,0,0,1,0,0,0,0,0
42,12,0,0,1,0,0,0,0,0
43,12,0,0,1,0,0,0,0,0
46,12,0,0,1,0,0,0,0,0
46,12,0,0,1,0,0,0,0,0
46,12,0,0,1,0,0,0,0,0
29,16,0,0,1,0,0,0,0,8396.44
39,13,0,0,1,0,0,0,0,0
32,12,0,0,1,0,0,0,0,0
48,16,0,0,1,0,0,0,0,0
48,16,0,0,1,0,0,0,0,0
41,13,0,0,1,0,0,0,0,0
42,13,0,0,1,0,0,0,0,0
42,13,0,0,1,0,0,0,0,0
42,13,0,0,1,0,0,0,0,0
54,13,0,0,1,0,0,0,0,0
29,14,0,0,1,0,0,0,0,0
54,12,0,0,1,0,0,0,0,0
54,12,0,0,1,0,0,0,0,0
26,14,0,0,1,0,0,0,0,0
43,17,0,0,1,0,0,0,0,36943.16
54,12,0,0,1,0,0,0,0,0
37,12,0,0,1,0,0,0,0,0
54,16,0,0,1,0,0,0,0,0
48,17,0,0,1,0,0,0,0,0
44,12,0,0,1,0,0,0,0,0
54,12,0,0,1,0,0,0,0,0
38,12,0,0,1,0,0,0,0,0
37,13,0,0,1,0,0,0,0,0
27,17,0,0,1,0,0,0,0,0
51,12,0,0,1,0,0,0,0,0
39,12,0,0,1,0,0,0,0,0
55,14,0,0,1,0,0,0,0,0
54,13,0,0,1,0,0,0,0,0
54,13,0,0,1,0,0,0,0,0
34,12,0,0,1,0,0,0,0,0
50,14,0,0,1,0,0,0,0,0
50,12,0,0,1,0,0,0,0,0
21,14,0,1,0,0,0,71.61,0,3657.37
26,12,0,0,1,0,0,71.61,0,0
21,13,0,0,0,0,0,692.85,0,2659.91
23,16,0,0,1,0,0,1521.77,0,0
21,15,0,0,0,0,0,3222.58,0,14777.27
23,14,0,0,0,0,0,3401.61,0,5319.82
27,16,0,0,1,0,0,4833.87,0,0
25,12,0,0,1,0,0,5729.03,0,26599.08
27,17,0,0,0,0,0,6087.10,0,7388.63
55,12,0,0,1,0,0,6266.13,0,10344.09
20,12,0,0,1,0,0,7161.29,0,0
18,12,0,0,1,0,0,8056.45,0,19210.45
27,12,0,0,1,0,0,8235.48,0,20688.17
28,16,0,0,1,0,0,8951.61,0,36943.16
36,12,1,0,1,0,0,8951.61,0,11821.81
33,13,1,0,1,0,0,10741.93,0,20688.17
36,12,0,0,1,0,0,10741.93,0,0
27,13,0,0,1,0,0,16112.90,0,29554.53
45,17,0,0,1,0,0,16112.90,0,17732.72
45,17,0,0,1,0,0,16112.90,0,17732.72
45,17,0,0,1,0,0,16112.90,0,17732.72
31,12,0,0,1,0,0,17903.23,0,0
34,12,0,0,1,0,0,17903.23,0,63542.24
34,12,0,0,1,0,0,17903.23,0,63542.24
47,14,0,0,1,0,0,17903.23,0,22165.90
35,16,0,0,1,0,0,19693.55,0,17732.72
43,17,0,0,1,0,0,21161.61,0,29554.53
25,12,1,0,1,0,0,21483.87,0,1220.60
29,15,0,0,0,0,0,21483.87,0,22313.67
31,12,0,0,1,0,0,21483.87,0,20688.17
52,12,0,0,1,0,0,21483.87,0,22165.90
22,16,0,0,0,0,0,22558.06,0,32509.98
53,15,0,0,1,0,0,24169.36,0,28076.80
29,17,0,0,1,0,0,25959.68,0,36898.83
31,13,0,0,1,0,0,25959.68,0,39898.62
35,12,0,0,1,0,0,26138.71,0,29554.53
29,16,0,0,1,0,0,26854.84,0,23643.63
39,12,0,0,1,0,0,28645.16,0,31032.26
37,14,0,0,1,0,0,32225.81,0,0
30,14,0,0,1,0,0,32225.81,0,22165.90
43,17,0,0,1,0,0,42251.61,0,41376.34
32,17,0,0,1,0,0,46548.39,0,39898.62
44,12,0,0,1,0,0,71612.91,0,81274.96
32,16,0,0,1,0,577.98,6910.65,0,18609.01
43,12,1,0,1,0,715.13,1879.84,0,5910.91
24,12,1,0,0,0,783.71,0,0,10344.09
22,13,0,0,0,0,783.71,0,0,2305.25
35,15,0,0,1,0,979.63,537.10,0,0
26,15,0,0,0,0,979.63,1879.84,0,3251.00
29,17,0,0,1,0,979.63,8951.61,0,0
23,12,1,0,0,0,1077.60,3222.58,0,5910.91
19,12,0,0,1,0,1154.01,8593.55,0,26599.08
48,16,0,0,1,0,1240.22,1466.27,0,1152.63
48,16,0,0,1,0,1240.22,1466.27,0,1152.63
22,12,1,0,1,0,1269.60,0,0,0
20,12,1,0,0,0,1367.57,12532.26,0,2955.45
24,17,0,0,1,0,1371.49,0,0,24825.81
27,16,0,0,1,0,1469.45,1253.23,0,4363.73
21,14,0,0,0,0,1506.68,2685.48,0,11082.95
53,13,0,0,1,0,1567.41,3938.71,0,4728.73
53,13,0,0,1,0,1567.41,3938.71,0,4728.73
53,16,0,0,1,0,1665.38,0,0,2955.45
22,15,0,0,1,0,1763.34,5370.97,0,22165.90
21,15,0,0,0,0,1763.34,9667.74,0,4137.63
30,12,0,0,1,0,1959.27,1790.32,0,1477.73
21,12,1,0,0,0,1959.27,5460.48,0,1152.63
27,16,0,0,1,0,1959.27,17545.16,0,21427.04
22,15,0,0,0,0,1967.10,2864.52,0,5024.27
22,12,1,0,1,0,2006.29,2470.65,0,0
23,13,0,0,1,0,2155.19,5370.97,0,11378.50
33,12,0,0,1,0,2351.12,0,0,2770.74
24,13,0,0,0,0,2351.12,3127.69,0,14777.27
20,12,1,0,0,0,2351.12,4475.81,0,17732.72
22,16,0,0,0,0,2351.12,23274.19,0,25860.21
19,12,0,0,1,0,2547.05,10741.93,0,0
22,15,0,0,1,0,2547.05,17187.10,0,25860.21
43,14,0,0,1,0,2645.01,0,0,6992.60
39,12,0,0,1,0,2742.97,7161.29,0,11821.81
28,12,1,0,0,0,2938.90,2864.52,0,0
19,14,0,0,0,0,2938.90,3222.58,0,0
26,17,0,0,1,0,2938.90,12532.26,0,23643.63
18,12,0,0,1,0,3134.83,11100,0,20688.17
23,15,0,0,1,0,3320.96,2506.45,0,9974.65
24,12,1,0,0,0,3330.75,4654.84,0,11821.81
27,12,0,0,1,0,3526.68,0,0,5910.91
29,17,0,0,1,0,3526.68,15217.74,0,24382.49
22,12,1,0,0,0,3579.58,17133.39,0,11821.81
27,12,0,0,1,0,3722.61,254.23,0,1090.56
27,15,0,0,1,0,3722.61,4654.84,0,19210.45
20,12,1,0,0,0,3730.44,8951.61,0,13299.54
27,12,1,0,1,0,3918.53,1994.42,0,17732.72
23,12,1,0,1,0,3918.53,2864.52,0,8866.36
23,12,1,0,1,0,3918.53,11637.10,0,9753.00
22,12,0,0,1,0,3918.53,15396.77,0,39898.62
31,12,1,0,1,0,3918.53,18440.32,0,24973.58
26,17,0,0,0,0,4173.24,11637.10,0,9457.45
20,12,0,0,1,0,4310.39,0,0,4433.18
30,17,0,0,1,0,4310.39,4296.77,0,22476.22
42,16,0,0,0,0,4398.55,17903.23,0,16254.99
21,14,0,0,1,0,4506.31,9309.68,0,23052.54
25,16,0,0,1,0,4604.28,2954.03,0,0
27,15,0,0,1,0,4702.24,0,0,0
26,17,0,0,1,0,4702.24,19693.55,0,26599.08
29,16,0,0,1,0,4800.20,17187.10,0,23643.63
20,12,0,0,0,0,4811.96,716.13,0,0
52,12,0,0,1,0,4898.17,0,0,0
23,17,0,0,0,0,4898.17,2148.39,0,33987.71
21,14,0,0,1,0,4898.17,7161.29,0,17141.63
24,16,0,0,0,0,4898.17,8951.61,0,17732.72
30,17,0,0,1,0,4898.17,12084.68,0,5172.04
25,17,0,0,0,0,4996.13,17414.47,0,5030.18
21,12,0,0,1,0,5094.09,6803.23,0,7388.63
28,12,0,0,1,0,5094.09,10741.93,0,9014.13
20,12,0,0,1,0,5182.26,6266.13,0,15244.23
36,16,0,0,0,0,5290.02,4833.87,0,5319.82
19,12,1,0,0,0,5387.98,8056.45,0,12117.36
21,12,1,0,1,0,5868.00,3043.55,0,10048.54
47,12,0,0,1,0,5868.00,9513.77,0,5319.82
24,16,0,0,1,0,5877.80,4833.87,0,33987.71
24,12,1,0,1,0,5877.80,8951.61,0,17732.72
25,17,0,0,1,0,5877.80,10562.90,0,30101.29
21,16,0,0,1,0,5877.80,10562.90,0,16993.86
31,12,1,0,1,0,5877.80,11064.19,0,15959.45
26,14,0,0,1,0,5877.80,13427.42,0,31032.26
22,12,1,0,0,0,5891.52,10367.76,0,5763.13
20,13,1,0,0,0,5897.39,12532.26,0,14777.27
20,13,0,1,1,0,6073.73,10025.81,0,27337.94
27,14,0,0,1,0,6269.65,0,0,26007.99
26,12,0,0,0,0,6269.65,11637.10,0,10344.09
23,17,0,0,1,0,6367.62,5370.97,0,0
23,12,1,0,0,0,6494.97,12532.26,0,14186.17
22,12,1,0,0,0,6583.14,4475.81,0,0
21,12,1,0,0,0,6661.51,11458.07,0,11208.56
21,12,0,0,1,0,6661.51,12532.26,0,25121.35
28,14,0,0,1,0,6739.88,7877.42,0,13742.86
27,12,1,0,1,0,6855.47,0,0,8275.27
25,14,0,0,0,0,6857.43,1790.32,0,0
30,12,0,0,1,0,6857.43,3222.58,0,3251.00
27,13,1,0,1,0,6857.43,4096.26,0,24514.01
22,13,0,0,0,0,6857.43,6266.13,0,17363.29
23,16,0,0,1,0,6857.43,14143.55,0,22165.90
24,12,1,0,1,0,6857.43,14322.58,0,26599.08
19,13,0,0,0,0,6857.43,15217.74,0,17732.72
21,14,0,0,1,0,6974.99,11407.93,0,17141.63
29,17,0,0,1,0,7053.36,7161.29,0,8866.36
27,16,0,0,1,0,7053.36,11637.10,0,25121.35
28,15,0,0,1,0,7249.29,15217.74,0,9161.91
26,12,0,0,1,0,7406.03,0,0,2955.45
54,12,0,0,1,0,7445.21,0,0,0
28,15,1,0,0,0,7445.21,0,0,12708.45
27,15,0,0,1,0,7445.21,10741.93,0,18471.58
26,13,0,0,0,0,7449.13,5729.03,0,9605.22
21,12,0,0,1,0,7523.58,7934.71,0,0
53,14,1,0,1,0,7641.14,8421.68,0,8127.50
21,13,0,0,1,0,7688.16,12743.52,0,11082.95
22,13,0,0,0,0,7739.10,3759.68,0,16254.99
27,16,0,0,0,0,7837.07,0,0,0
37,15,0,1,1,0,7837.07,179.03,0,11821.81
33,13,0,0,0,0,7837.07,3580.65,0,16254.99
19,12,1,0,0,0,7837.07,3759.68,0,3694.32
28,12,0,0,1,0,7837.07,4475.81,0,15663.90
32,12,1,0,1,0,7837.07,5370.97,0,8866.36
24,12,0,0,0,0,7837.07,5370.97,0,5910.91
22,12,0,0,0,0,7837.07,7497.87,0,17732.72
20,12,1,0,1,0,7837.07,8951.61,0,20688.17
23,12,0,0,1,0,7837.07,8951.61,0,12058.25
27,12,1,0,1,0,7837.07,8951.61,0,2210.68
23,12,1,0,1,0,7837.07,12532.26,0,21870.35
19,12,0,1,1,0,7837.07,12532.26,0,13299.54
27,14,0,0,0,0,7837.07,14322.58,0,16254.99
22,16,0,0,1,0,7837.07,16112.90,0,16254.99
42,12,0,0,1,0,7837.07,16112.90,0,15516.13
20,13,0,0,0,0,7837.07,17491.45,0,2216.59
29,13,0,0,0,0,7958.54,0,0,0
23,12,1,0,1,0,7993.81,13427.42,0,4433.18
19,12,0,0,1,0,8054.55,9309.68,0,11963.67
21,12,1,0,1,0,8150.55,13092.63,0,10583.48
26,12,0,0,1,0,8228.92,13606.45,0,11969.58
21,16,0,0,0,0,8228.92,22379.03,0,27337.94
24,12,1,0,1,0,8275.94,15416.47,0,8335.86
29,12,0,0,1,0,8389.58,5908.06,0,14481.72
26,12,1,0,1,0,8616.86,8593.55,0,10344.09
23,14,1,0,1,0,8675.63,10398.19,0,13003.99
25,12,0,0,0,0,8683.47,9130.65,0,15811.67
21,12,0,0,1,0,8816.70,5729.03,0,18096.24
25,12,1,0,0,0,8816.70,6266.13,0,10344.09
22,12,0,0,1,0,8816.70,9939.87,0,15486.58
22,12,0,0,1,0,8816.70,10741.93,0,19653.76
23,12,1,0,1,0,8816.70,12174.19,0,18471.58
18,12,0,0,0,0,8816.70,14322.58,0,22165.90
27,12,1,0,0,0,8816.70,14322.58,0,19210.45
21,12,1,0,0,0,8816.70,14859.68,0,5578.42
25,12,0,0,1,0,8816.70,16112.90,0,26599.08
21,13,0,0,1,0,8816.70,17903.23,0,28224.58
27,12,0,0,1,0,8816.70,44758.07,0,0
23,12,0,0,1,0,8840.21,7161.29,0,10416.50
21,12,0,0,1,0,8867.64,14995.74,0,17732.72
23,14,1,0,1,0,8934.26,12532.26,0,8866.36
23,16,1,0,0,0,9012.63,16490.66,0,19210.45
31,17,0,0,1,0,9012.63,29465.13,0,39817.34
27,12,1,0,1,0,9067.49,5370.97,0,6649.77
21,12,1,0,1,0,9169.37,7161.29,0,7388.63
23,12,1,0,1,0,9169.37,8271.29,0,10403.20
19,12,0,0,1,0,9208.55,5550,0,11526.27
46,12,0,0,1,0,9284.97,8504.03,0,10376.60
24,12,0,0,1,0,9371.17,2864.52,0,2216.59
20,13,0,1,0,0,9404.48,0,0,8275.27
24,17,0,0,1,0,9404.48,5370.97,0,22904.76
23,12,0,0,1,0,9404.48,9130.65,0,11821.81
34,12,0,0,1,0,9404.48,9166.45,0,23475.16
35,12,0,0,1,0,9404.48,9313.26,0,11821.81
23,12,0,0,0,0,9404.48,11834.03,0,16846.08
21,14,1,0,0,0,9420.16,5370.97,0,9900.77
21,12,0,1,1,0,9496.57,8772.58,0,10512.55
26,12,0,0,1,0,9561.22,0,0,13299.54
23,13,0,0,1,0,9698.37,8593.55,0,23643.63
27,12,0,1,1,0,9698.37,11279.03,0,14038.40
50,12,0,1,1,0,9788.50,9846.77,0,13299.54
27,12,1,0,1,0,9796.33,0,0,11821.81
25,12,0,0,1,0,9796.33,2685.48,0,25121.35
21,12,1,0,1,0,9796.33,4296.77,0,14777.27
21,13,0,0,1,0,9796.33,8593.55,0,28787.59
33,12,1,0,0,0,9796.33,8951.61,0,0
19,12,0,0,1,0,9796.33,9846.77,0,20688.17
20,12,0,0,1,0,9796.33,10204.84,0,29258.99
22,12,1,0,1,0,9796.33,10741.93,0,11162.75
32,12,0,0,1,0,9796.33,11458.07,0,11821.81
24,13,0,0,1,0,9796.33,11458.07,0,11526.27
29,12,1,0,1,0,9796.33,12532.26,0,19210.45
23,12,1,0,1,0,9796.33,12532.26,0,11821.81
26,14,0,0,1,0,9796.33,13427.42,0,20688.17
20,12,0,0,1,0,9796.33,13427.42,0,10713.52
27,12,1,0,1,0,9796.33,14322.58,0,11821.81
24,12,1,0,1,0,9796.33,14322.58,0,33987.71
24,17,0,0,0,0,9796.33,16112.90,0,36943.16
21,13,0,0,0,0,9796.33,16112.90,0,20688.17
25,12,1,0,1,0,9796.33,21483.87,0,6649.77
30,12,1,0,1,0,9796.33,25064.52,0,29554.53
26,12,1,0,0,0,9913.89,10741.93,0,15619.57
22,12,0,0,0,0,9951.12,14322.58,0,14777.27
47,12,0,0,1,0,9968.75,10523.52,0,11283.92
22,12,0,0,0,0,9992.26,15754.84,0,19949.31
31,12,1,0,1,0,10188.19,8951.61,0,9605.22
35,12,0,0,1,0,10188.19,9309.68,0,11821.81
49,12,0,0,1,0,10231.29,11082.10,0,6537.46
25,13,1,0,0,0,10246.96,15396.77,0,12486.79
23,12,0,0,1,0,10290.07,10562.90,0,9221.01
25,17,0,0,1,0,10384.11,22004.86,0,49429.95
23,16,0,0,1,0,10384.11,26854.84,0,11821.81
34,17,0,0,0,0,10580.04,7161.29,0,5910.91
21,12,0,0,1,0,10580.04,8056.45,0,12117.36
27,12,1,0,0,0,10623.14,3222.58,0,8866.36
23,12,0,0,1,0,10775.97,5370.97,0,11821.81
23,12,0,0,1,0,10775.97,7161.29,0,16993.86
32,17,0,0,0,0,10775.97,7161.29,0,0
27,12,1,0,1,0,10775.97,8951.61,0,7536.41
24,12,1,0,0,0,10775.97,9309.68,0,8275.27
34,12,0,0,1,0,10775.97,11637.10,0,14186.17
29,12,0,0,1,0,10775.97,12532.26,0,25860.21
28,14,0,0,1,0,10775.97,13427.42,0,0
18,12,0,0,0,0,10775.97,14322.58,0,21427.04
20,12,1,0,0,0,10775.97,16372.50,0,29554.53
25,13,0,0,1,0,10775.97,16739.52,0,18966.62
23,12,1,0,1,0,10775.97,20481.29,0,29391.98
26,17,0,0,1,0,10775.97,29182.26,0,35465.44
24,12,0,0,0,0,10873.93,15754.84,0,20132.55
23,12,0,0,1,0,10971.89,10204.84,0,31032.26
23,16,0,0,0,0,10971.89,18798.39,0,20924.61
26,12,1,0,1,0,11167.82,1074.19,0,8866.36
46,12,0,0,1,0,11167.82,7161.29,0,17732.72
23,12,1,0,1,0,11167.82,7812.97,0,14777.27
41,12,0,0,1,0,11167.82,10741.93,0,12412.90
19,12,0,0,1,0,11201.13,14143.55,0,24338.16
29,12,0,0,1,0,11259.91,9041.13,0,26599.08
24,12,1,0,0,0,11285.38,13069.36,0,10344.09
23,12,1,0,0,0,11328.48,2685.48,0,29216.13
22,12,0,0,1,0,11363.75,4654.84,0,13299.54
21,12,0,0,0,0,11363.75,9667.74,0,13299.54
27,12,0,0,1,0,11363.75,12532.26,0,4137.63
37,12,0,0,1,0,11430.36,11372.13,0,8866.36
44,12,0,0,1,0,11559.67,7340.32,0,27781.26
38,16,0,0,1,0,11559.67,7877.42,0,17732.72
34,12,0,0,1,0,11755.60,0,0,11821.81
49,12,0,0,0,0,11755.60,0,0,0
23,12,0,0,1,0,11755.60,0,0,17732.72
28,14,1,0,1,0,11755.60,0,0,25874.99
43,12,0,0,1,0,11755.60,0,0,295.55
28,16,0,0,0,0,11755.60,6445.16,0,0
29,12,1,0,1,0,11755.60,9846.77,0,20688.17
53,12,0,0,1,0,11755.60,9893.32,0,5172.04
21,12,0,0,1,0,11755.60,10204.84,0,12560.68
24,13,1,0,1,0,11755.60,10741.93,0,31097.28
21,12,0,0,1,0,11755.60,10741.93,0,6649.77
24,12,0,0,1,0,11755.60,11074.93,0,13742.86
21,12,0,0,0,0,11755.60,11637.10,0,10048.54
23,14,0,0,1,0,11755.60,11637.10,0,25121.35
28,12,0,0,1,0,11755.60,12532.26,0,0
28,12,0,0,1,0,11755.60,12532.26,0,0
25,17,0,0,1,0,11755.60,12621.77,0,28963.44
23,13,0,0,1,0,11755.60,13427.42,0,16254.99
30,12,0,0,1,0,11755.60,13635.10,0,26599.08
23,12,0,0,1,0,11755.60,13785.48,0,14186.17
26,12,0,0,1,0,11755.60,14322.58,0,20688.17
21,12,1,0,1,0,11755.60,14322.58,0,16254.99
26,12,0,0,1,0,11755.60,14322.58,0,17732.72
25,12,1,0,1,0,11755.60,14322.58,0,21427.04
22,12,0,0,1,0,11755.60,14465.81,0,18102.15
28,16,0,0,1,0,11755.60,15217.74,0,20688.17
22,13,1,0,1,0,11755.60,15217.74,0,0
24,16,0,0,1,0,11755.60,16112.90,0,31032.26
27,15,1,0,0,0,11755.60,16744.89,0,18442.03
19,12,0,0,0,0,11755.60,19335.48,0,16254.99
38,14,0,0,1,0,11755.60,19693.55,0,0
38,14,0,0,0,0,11755.60,21483.87,0,7388.63
45,12,0,0,1,0,11771.28,11270.08,0,16822.44
26,12,1,0,1,0,11775.19,14150.71,0,16342.18
31,16,0,0,1,0,11784.99,9846.77,0,5390.75
25,13,1,0,1,0,11931.93,13824.87,0,12656.73
25,14,0,0,1,0,11973.08,14322.58,0,14777.27
22,12,0,0,1,0,12051.45,16025.18,0,13151.77
36,12,0,0,1,0,12147.45,13964.52,0,13299.54
27,12,0,0,1,0,12147.45,14322.58,0,20142.89
33,12,0,0,1,0,12147.45,16112.90,0,24382.49
27,12,0,0,1,0,12147.45,23274.19,0,26599.08
30,12,1,0,1,0,12225.83,10741.93,0,18962.19
46,12,0,0,1,0,12343.38,11637.10,0,11230.72
23,14,0,0,1,0,12343.38,12532.26,0,14186.17
25,16,0,0,1,0,12343.38,13606.45,0,21427.04
27,14,0,0,1,0,12419.79,16829.03,0,25178.98
49,16,0,0,1,0,12504.04,12353.23,0,12560.68
22,12,0,0,1,0,12539.31,12532.26,0,14369.41
28,16,0,0,1,0,12572.62,21483.87,0,23495.85
24,12,1,0,1,0,12658.82,19693.55,0,19210.45
37,17,1,0,1,0,12735.23,1306.94,0,4236.64
22,13,0,0,0,0,12735.23,12532.26,0,17732.72
23,17,0,0,0,0,12735.23,14322.58,0,28076.80
23,12,1,0,0,0,12735.23,14322.58,0,20688.17
26,12,0,0,1,0,12735.23,14322.58,0,14925.04
22,12,0,0,0,0,12735.23,16112.90,0,21131.49
31,14,0,0,1,0,12735.23,17724.19,0,29850.08
31,14,0,0,1,0,12735.23,17724.19,0,29850.08
54,12,0,0,1,0,12735.23,17894.27,0,19343.44
25,16,1,0,1,0,12735.23,18261.29,0,10521.41
28,12,1,0,1,0,12735.23,19693.55,0,17732.72
19,13,0,0,1,0,12735.23,19693.55,0,28815.67
26,17,0,0,1,0,12735.23,25064.52,0,26599.08
28,12,0,0,1,0,12813.61,7161.29,0,16254.99
20,12,0,0,1,0,12931.16,2363.23,0,14777.27
26,12,0,0,1,0,12931.16,11100,0,22165.90
25,17,0,0,1,0,12935.08,22379.03,0,36943.16
24,12,0,0,1,0,13029.12,13964.52,0,41571.40
22,12,0,0,1,0,13127.09,8951.61,0,13595.08
27,17,0,0,1,0,13127.09,10741.93,0,29554.53
26,12,0,0,1,0,13127.09,12174.19,0,12687.76
27,12,1,0,1,0,13127.09,12353.23,0,11526.27
19,12,0,0,1,0,13127.09,12532.26,0,24382.49
29,17,0,0,1,0,13127.09,19693.55,0,0
20,12,0,0,1,0,13244.64,8772.58,0,17289.40
25,12,0,0,1,0,13291.67,14202.63,0,14777.27
29,16,0,0,1,0,13323.01,5370.97,0,17732.72
23,14,0,0,0,0,13323.01,12174.19,0,14777.27
28,12,0,0,1,0,13323.01,12532.26,0,10935.18
30,14,0,0,1,0,13323.01,14322.58,0,14777.27
26,16,1,0,1,0,13323.01,19693.55,0,19934.53
24,12,0,1,1,0,13493.47,16470.97,0,21035.44
22,12,1,0,1,0,13518.94,13427.42,0,12560.68
27,12,0,0,1,0,13597.31,15833.61,0,13246.34
22,12,1,0,1,0,13665.89,17903.23,0,13299.54
42,13,0,0,1,0,13701.15,0,0,33987.71
22,12,1,0,1,0,13714.87,0,0,664.98
47,12,0,0,1,0,13714.87,0,0,12560.68
26,12,0,0,1,0,13714.87,716.13,0,22904.76
21,12,0,0,1,0,13714.87,3222.58,0,14038.40
25,16,0,0,0,0,13714.87,6042.34,0,0
25,12,1,0,1,0,13714.87,8235.48,0,17732.72
23,12,0,0,0,0,13714.87,10741.93,0,15959.45
33,12,1,0,0,0,13714.87,11100,0,9605.22
55,16,1,0,1,0,13714.87,11995.16,0,23531.32
47,12,1,0,1,0,13714.87,12433.79,0,14777.27
20,12,1,0,1,0,13714.87,12532.26,0,8866.36
26,12,1,0,1,0,13714.87,12532.26,0,11821.81
31,12,0,0,1,0,13714.87,12532.26,0,14777.27
30,12,0,0,1,0,13714.87,12532.26,0,2563.86
21,12,1,0,0,0,13714.87,13339.69,0,11651.87
28,17,0,0,1,0,13714.87,13427.42,0,6827.10
24,12,0,0,1,0,13714.87,13427.42,0,17732.72
28,12,0,0,1,0,13714.87,13606.45,0,19210.45
23,12,0,0,0,0,13714.87,14322.58,0,22165.90
35,12,0,0,0,0,13714.87,15038.71,0,26599.08
27,14,0,0,1,0,13714.87,15217.74,0,13447.31
23,12,0,0,1,0,13714.87,15754.84,0,24205.16
24,12,1,0,1,0,13714.87,16112.90,0,16254.99
24,12,0,0,1,0,13714.87,16112.90,0,16254.99
39,12,1,0,1,0,13714.87,17008.06,0,14629.49
33,12,0,0,1,0,13714.87,18082.26,0,26081.87
45,14,0,0,1,0,13714.87,19102.74,0,30145.62
45,14,0,0,1,0,13714.87,19102.74,0,30145.62
27,12,1,0,1,0,13714.87,19425,0,25860.21
45,17,0,0,1,0,13714.87,23095.16,0,6649.77
23,16,0,0,0,0,13714.87,25601.61,0,31623.35
26,17,0,0,1,0,13714.87,29540.32,0,29554.53
27,14,1,0,0,0,13812.83,17036.71,0,20688.17
21,14,0,0,1,0,13832.42,8777.95,0,591.09
20,12,0,0,1,0,13902.96,14322.58,0,19653.76
29,12,0,0,1,0,13910.79,7161.29,0,19210.45
22,12,0,1,1,0,13910.79,8611.45,0,16218.05
24,12,0,0,0,0,13910.79,13427.42,0,19210.45
27,12,0,0,1,0,13910.79,14859.68,0,15072.81
23,12,0,0,1,0,14063.62,11100,0,14777.27
24,16,0,0,1,0,14067.54,24706.45,0,37829.80
23,16,0,0,0,0,14106.72,6266.13,0,2955.45
33,14,0,0,1,0,14106.72,14322.58,0,17732.72
21,12,0,0,0,0,14106.72,17903.23,0,22165.90
23,12,0,0,1,0,14106.72,23453.23,0,0
20,12,1,0,1,0,14322.24,17903.23,0,14777.27
24,12,0,0,1,0,14373.18,19693.55,0,7388.63
29,12,1,0,1,0,14392.77,15396.77,0,14777.27
34,12,0,0,1,0,14498.57,14322.58,0,10048.54
44,12,0,0,1,0,14498.57,14424.63,0,14579.25
23,12,0,0,1,0,14498.57,19335.48,0,19210.45
26,14,1,0,1,0,14506.41,17187.10,0,21678.25
51,12,0,0,1,0,14533.84,19245.97,0,17732.72
41,12,0,0,1,0,14684.71,23274.19,0,26599.08
37,13,0,0,1,0,14694.50,8951.61,0,17732.72
26,16,0,0,1,0,14694.50,11637.10,0,20688.17
24,12,1,0,1,0,14694.50,11816.13,0,11821.81
22,14,1,0,1,0,14694.50,12532.26,0,21397.48
27,12,1,0,1,0,14694.50,13427.42,0,14079.78
23,13,0,0,1,0,14694.50,14322.58,0,20688.17
27,12,0,0,1,0,14694.50,14322.58,0,19210.45
28,12,1,0,1,0,14694.50,14859.68,0,19210.45
21,12,0,0,1,0,14694.50,15217.74,0,23643.63
28,12,0,0,1,0,14694.50,15933.87,0,0
22,13,0,0,1,0,14694.50,16112.90,0,0
20,12,0,0,1,0,14694.50,16112.90,0,26599.08
24,16,0,0,1,0,14694.50,16470.97,0,27337.94
22,12,0,0,1,0,14694.50,16829.03,0,21870.35
27,12,0,1,1,0,14694.50,16829.03,0,37829.80
35,12,1,0,1,0,14694.50,17187.10,0,21279.26
23,16,0,0,1,0,14694.50,19693.55,0,29554.53
22,16,0,0,1,0,14694.50,19693.55,0,2955.45
23,16,0,0,1,0,14694.50,23274.19,0,25121.35
20,12,0,0,1,0,14694.50,26854.84,0,31032.26
22,12,1,0,1,0,14790.50,14680.64,0,14038.40
24,12,0,0,1,0,14890.43,719.71,0,27963.02
26,12,0,0,1,0,14890.43,10741.93,0,0
42,12,1,0,1,0,14988.39,11185.93,0,0
28,15,0,0,1,0,15082.44,18619.36,0,13986.68
24,13,0,0,1,0,15282.28,14322.58,0,32509.98
50,12,0,0,1,0,15282.28,14322.58,0,13151.77
50,12,0,0,1,0,15282.28,14322.58,0,13151.77
28,13,0,0,1,0,15282.28,14322.58,0,14038.40
25,12,0,0,1,0,15282.28,16112.90,0,25121.35
31,12,1,0,0,0,15282.28,17903.23,0,14777.27
32,16,1,0,1,0,15282.28,19693.55,0,28076.80
22,12,0,0,1,0,15282.28,19693.55,0,21870.35
22,13,1,0,1,0,15403.76,14320.79,0,18660.73
26,12,1,0,1,0,15411.59,8951.61,0,11082.95
22,12,0,0,1,0,15478.21,8951.61,0,14186.17
29,12,0,0,0,0,15478.21,14370.92,0,12615.35
53,17,0,0,1,0,15478.21,16399.36,0,15663.90
25,12,0,0,1,0,15478.21,17724.19,0,31327.80
26,12,1,0,1,0,15478.21,18175.36,0,19949.31
24,16,0,0,0,0,15587.93,19505.56,0,19210.45
27,17,0,0,0,0,15674.13,0,0,41376.34
46,12,0,0,1,0,15674.13,734.03,0,20688.17
25,12,1,0,1,0,15674.13,3738.19,0,10512.55
21,13,0,0,0,0,15674.13,4946.66,0,1733.37
37,12,0,0,1,0,15674.13,8951.61,0,28076.80
37,12,0,0,1,0,15674.13,8951.61,0,28076.80
28,15,1,0,1,0,15674.13,9452.90,0,31032.26
22,12,0,0,0,0,15674.13,10741.93,0,28963.44
22,12,0,0,0,0,15674.13,11637.10,0,20688.17
27,12,0,0,1,0,15674.13,12532.26,0,19210.45
21,13,1,0,1,0,15674.13,12532.26,0,25121.35
49,16,0,0,1,0,15674.13,12890.32,0,17732.72
26,12,0,0,1,0,15674.13,13427.42,0,0
33,14,0,0,1,0,15674.13,13427.42,0,13890.63
28,15,0,0,1,0,15674.13,13785.48,0,15959.45
29,17,0,0,1,0,15674.13,14143.55,0,25860.21
54,16,1,0,1,0,15674.13,14322.58,0,11821.81
25,14,0,1,1,0,15674.13,14322.58,0,20702.95
32,12,0,0,1,0,15674.13,14322.58,0,13299.54
40,12,0,0,1,0,15674.13,14322.58,0,16254.99
40,12,0,0,1,0,15674.13,14322.58,0,16254.99
27,16,0,0,1,0,15674.13,14322.58,0,22165.90
24,12,0,0,1,0,15674.13,14680.64,0,17732.72
43,12,0,0,1,0,15674.13,14680.64,0,13831.52
25,16,0,0,1,0,15674.13,15217.74,0,19062.67
26,12,1,0,1,0,15674.13,15217.74,0,15516.13
34,12,1,0,1,0,15674.13,15754.84,0,17732.72
21,13,0,0,1,0,15674.13,15933.87,0,25121.35
21,12,1,0,1,0,15674.13,16112.90,0,11821.81
23,12,1,0,1,0,15674.13,16202.42,0,19210.45
26,12,0,0,1,0,15674.13,16470.97,0,35022.12
28,14,0,0,1,0,15674.13,16757.42,0,16254.99
26,17,0,0,1,0,15674.13,16829.03,0,19210.45
20,14,0,0,0,0,15674.13,17008.06,0,26599.08
26,12,1,0,1,0,15674.13,17983.79,0,20688.17
21,12,1,0,1,0,15674.13,19693.55,0,19210.45
41,12,0,0,1,0,15674.13,19693.55,0,32509.98
28,16,0,0,1,0,15674.13,19693.55,0,28815.67
23,16,0,0,0,0,15674.13,21483.87,0,26599.08
22,12,0,0,1,0,15674.13,22916.13,0,31771.12
27,14,0,1,0,0,15674.13,23274.19,0,27337.94
26,16,0,0,1,0,15674.13,23274.19,0,29554.53
54,12,0,0,1,0,15674.13,25064.52,0,0
54,12,0,0,1,0,15674.13,25064.52,0,0
54,12,1,0,0,0,15674.13,25064.52,0,20688.17
37,16,0,0,0,0,15674.13,26854.84,0,29258.99
32,13,0,0,1,0,15674.13,30435.48,0,22018.13
29,12,0,0,1,0,15678.05,17487.87,0,10196.31
22,13,0,0,1,0,15870.06,15826.45,0,35465.44
23,12,1,0,1,0,15870.06,30435.48,0,27781.26
36,12,0,0,1,0,15873.98,12727.40,0,17444.56
21,13,0,0,1,0,15960.19,21483.87,0,14777.27
21,12,0,0,1,0,15987.62,16291.93,0,14481.72
26,12,1,0,1,0,15987.62,17903.23,0,19505.99
28,12,1,0,1,0,15987.62,19693.55,0,13299.54
43,12,0,0,1,0,15989.58,14322.58,0,14777.27
27,12,1,0,1,0,16011.13,16112.90,0,20460.60
36,17,0,0,0,0,16015.05,30793.55,0,29584.09
23,12,0,0,1,0,16065.99,4833.87,0,25564.67
31,12,0,0,1,0,16065.99,15038.71,0,17732.72
25,14,0,0,1,0,16065.99,15217.74,0,18471.58
35,12,1,0,1,0,16065.99,16086.05,0,19210.45
23,16,0,0,1,0,16065.99,16829.03,0,20688.17
21,12,0,0,1,0,16065.99,20588.71,0,28815.67
22,12,0,0,0,0,16230.57,9846.77,0,2955.45
36,12,1,0,1,0,16261.91,21304.84,0,22165.90
21,12,0,0,1,0,16306.98,18529.84,0,11969.58
28,12,0,0,1,0,16393.19,13298.52,0,0
24,12,0,1,1,0,16457.84,8951.61,0,21870.35
30,12,0,0,0,0,16457.84,14680.64,0,15146.70
44,12,0,0,1,0,16457.84,16112.90,0,17289.40
30,12,0,0,1,0,16457.84,16650,0,19949.31
34,12,0,0,1,0,16457.84,16829.03,0,20688.17
26,16,0,0,1,0,16457.84,21483.87,0,40637.48
23,16,0,0,1,0,16457.84,21483.87,0,18471.58
20,12,0,0,0,0,16497.03,19604.03,0,19653.76
26,13,0,0,0,0,16653.77,3580.65,0,8866.36
21,12,1,0,1,0,16653.77,9846.77,0,7388.63
25,12,0,0,1,0,16653.77,12181.36,0,17732.72
23,15,0,0,1,0,16653.77,13427.42,0,16993.86
25,12,1,0,0,0,16653.77,14859.68,0,22904.76
28,16,0,0,1,0,16653.77,15396.77,0,17437.17
38,14,0,0,1,0,16653.77,16112.90,0,19505.99
29,17,0,0,1,0,16653.77,16112.90,0,17732.72
24,17,0,0,1,0,16653.77,16650,0,20688.17
25,16,1,0,1,0,16653.77,17008.06,0,21870.35
55,12,0,0,1,0,16653.77,17545.16,0,16254.99
30,14,0,0,1,0,16653.77,17545.16,0,0
21,12,0,0,0,0,16653.77,17903.23,0,19210.45
26,12,0,0,1,0,16653.77,17903.23,0,17732.72
34,12,0,0,1,0,16653.77,19532.42,0,16254.99
22,12,0,0,1,0,16653.77,19693.55,0,26007.99
22,16,0,0,0,0,16653.77,22737.10,0,37682.03
27,15,0,0,0,0,16653.77,23274.19,0,23643.63
26,12,0,0,0,0,16653.77,23274.19,0,2955.45
26,16,0,0,1,0,16653.77,24706.45,0,29554.53
24,14,1,0,1,0,16653.77,28466.13,0,40637.48
26,14,1,0,0,0,16667.48,21483.87,0,28815.67
23,12,1,0,1,0,16708.63,10491.29,0,7565.96
28,14,0,0,0,0,16849.70,12174.19,0,1921.04
21,12,0,0,1,0,16849.70,15396.77,0,0
30,12,0,0,1,0,16849.70,17366.13,0,18978.44
24,12,0,0,1,0,16849.70,18619.36,0,25121.35
51,12,0,0,1,0,16849.70,19693.55,0,17732.72
21,14,0,0,0,0,16849.70,19693.55,0,35465.44
22,14,1,0,1,0,16849.70,21125.81,0,24086.94
24,12,0,0,1,0,16884.96,9311.47,0,23080.61
23,15,0,0,1,0,16955.49,20844.73,0,25514.43
26,14,0,0,1,0,17045.62,25064.52,0,38716.44
45,12,0,0,1,0,17104.40,16381.45,0,18176.04
46,13,0,0,1,0,17241.55,15754.84,0,14777.27
29,12,0,0,1,0,17241.55,19686.39,0,33544.39
26,14,0,0,1,0,17241.55,20588.71,0,24530.26
27,16,0,0,1,0,17241.55,24885.48,0,22165.90
26,14,0,0,1,0,17437.47,7161.29,0,14771.36
20,15,0,0,1,0,17437.47,8056.45,0,18471.58
23,12,0,0,1,0,17437.47,12532.26,0,21427.04
30,16,0,0,1,0,17437.47,17867.42,0,15516.13
24,12,0,0,1,0,17437.47,22379.03,0,16254.99
23,12,0,0,1,0,17633.40,0,0,23643.63
34,12,0,0,1,0,17633.40,0,0,0
24,12,0,1,1,0,17633.40,4848.19,0,22165.90
43,12,1,0,1,0,17633.40,10741.93,0,21858.53
28,14,1,0,1,0,17633.40,12532.26,0,16254.99
20,12,0,0,1,0,17633.40,15217.74,0,28815.67
23,12,1,0,1,0,17633.40,15217.74,0,15516.13
27,14,1,0,1,0,17633.40,16112.90,0,26599.08
53,12,0,0,1,0,17633.40,16112.90,0,19210.45
28,16,0,0,1,0,17633.40,16112.90,0,22165.90
26,12,0,0,1,0,17633.40,16112.90,0,25121.35
25,15,0,0,1,0,17633.40,16112.90,0,18619.36
29,14,0,0,1,0,17633.40,17187.10,0,19699.57
26,12,1,0,1,0,17633.40,17416.26,0,23643.63
55,16,0,0,1,0,17633.40,17903.23,0,22165.90
22,12,0,1,1,0,17633.40,17903.23,0,14777.27
33,12,0,0,1,0,17633.40,17903.23,0,15811.67
34,14,0,1,1,0,17633.40,17903.23,0,8866.36
24,12,0,0,1,0,17633.40,18440.32,0,19949.31
24,12,0,0,1,0,17633.40,18750.05,0,32509.98
26,12,1,0,1,0,17633.40,18798.39,0,18471.58
45,12,0,0,1,0,17633.40,18798.39,0,19949.31
22,12,0,0,1,0,17633.40,19693.55,0,23643.63
55,14,0,0,1,0,17633.40,19693.55,0,2068.82
24,12,0,0,1,0,17633.40,19693.55,0,11526.27
23,12,0,0,1,0,17633.40,21546.53,0,4433.18
24,13,1,0,0,0,17633.40,25064.52,0,22165.90
31,13,0,0,1,0,17633.40,25064.52,0,23643.63
43,12,0,0,1,0,17633.40,26854.84,0,28076.80
43,12,0,0,1,0,17633.40,26854.84,0,28076.80
23,12,1,0,1,0,17672.59,14322.58,0,12294.68
22,12,0,0,1,0,17703.94,12532.26,0,20688.17
30,12,1,0,1,0,17760.75,17366.13,0,19210.45
28,12,0,0,0,0,17829.33,5012.90,0,16240.21
28,12,0,0,1,0,17829.33,11100,0,20688.17
21,12,0,0,0,0,17829.33,12945.82,0,26599.08
28,13,0,0,1,0,17876.35,15396.77,0,22452.58
25,14,0,0,1,0,17939.05,14322.58,0,9974.65
54,12,0,0,1,0,18025.26,18798.39,0,23643.63
26,16,0,0,1,0,18025.26,19872.58,0,20983.72
26,16,0,0,1,0,18025.26,23274.19,0,28076.80
49,13,0,0,1,0,18221.18,17903.23,0,17732.72
21,13,1,0,0,0,18221.18,21125.81,0,21870.35
26,16,0,0,1,0,18221.18,22379.03,0,18471.58
30,12,1,0,1,0,18338.74,25422.58,0,22165.90
21,13,0,0,1,0,18417.11,8951.61,0,27337.94
33,12,0,0,1,0,18417.11,12890.32,0,20688.17
33,12,0,0,1,0,18417.11,14412.10,0,20688.17
40,12,0,0,1,0,18417.11,17545.16,0,17289.40
27,16,0,0,1,0,18417.11,18798.39,0,25860.21
21,12,0,0,1,0,18417.11,19693.55,0,28224.58
31,12,0,0,1,0,18593.44,14814.92,0,16254.99
27,14,1,0,1,0,18613.04,0,0,13299.54
47,17,0,0,1,0,18613.04,10025.81,0,35465.44
32,12,1,0,1,0,18613.04,16112.90,0,17732.72
28,12,1,0,0,0,18613.04,17008.06,0,19949.31
35,14,0,0,1,0,18613.04,19693.55,0,22424.50
26,14,0,0,1,0,18613.04,19693.55,0,28076.80
37,12,0,0,1,0,18613.04,21483.87,0,23052.54
23,12,0,0,0,0,18613.04,23274.19,0,32953.30
44,12,1,0,1,0,18613.04,23632.26,0,19210.45
44,12,1,0,1,0,18613.04,23632.26,0,19210.45
36,12,1,0,1,0,18613.04,25064.52,0,33692.16
26,12,0,0,1,0,18677.69,18261.29,0,24973.58
23,14,0,0,1,0,18722.75,21662.90,0,28076.80
32,13,1,0,1,0,18808.96,14143.55,0,26599.08
33,12,0,0,0,0,18808.96,16028.76,0,17502.19
37,12,1,0,1,0,18808.96,16112.90,0,32509.98
27,12,0,0,1,0,18808.96,17187.10,0,19505.99
43,12,0,0,1,0,18808.96,17903.23,0,26155.76
27,16,0,0,1,0,18808.96,17903.23,0,18471.58
24,12,0,0,1,0,18808.96,17903.23,0,18323.81
24,12,0,0,1,0,18808.96,18798.39,0,23052.54
34,12,1,0,0,0,18848.15,30435.48,0,12560.68
42,12,0,0,1,0,18879.49,17008.06,0,19210.45
24,13,1,0,1,0,18881.45,16112.90,0,12560.68
27,12,0,0,1,0,18924.56,11995.16,0,22165.90
23,12,1,0,1,0,19004.89,13427.42,0,13299.54
26,16,0,0,1,0,19004.89,16112.90,0,26599.08
27,12,1,0,1,0,19004.89,19693.55,0,19210.45
37,12,1,0,1,0,19004.89,25959.68,0,25860.21
37,12,0,0,1,0,19016.64,20893.06,0,16993.86
26,12,0,1,1,0,19055.83,0,0,13299.54
23,12,0,0,1,0,19096.97,20683.60,0,16993.86
26,13,0,0,1,0,19200.81,14680.64,0,18471.58
27,16,0,0,1,0,19200.81,17688.39,0,0
27,12,0,0,0,0,19200.81,19514.52,0,23643.63
29,14,0,0,1,0,19200.81,21483.87,0,23052.54
25,16,0,0,1,0,19200.81,22558.06,0,33396.62
26,12,0,0,1,0,19263.51,13024.60,0,24627.79
22,14,0,0,1,0,19279.19,17616.77,0,17289.40
28,12,0,0,1,0,19298.78,0,0,29554.53
46,12,0,0,1,0,19394.78,19201.21,0,20431.05
33,17,0,0,0,0,19396.74,0,0,1539.79
23,12,0,0,1,0,19396.74,12532.26,0,25121.35
23,12,0,0,1,0,19396.74,12532.26,0,0
23,13,0,0,1,0,19396.74,17903.23,0,31032.26
26,16,0,0,1,0,19396.74,25780.64,0,25564.67
24,16,1,0,0,0,19494.71,15217.74,0,23643.63
37,12,1,0,1,0,19586.79,12030.97,0,14777.27
50,16,0,0,0,0,19592.67,0,0,23643.63
26,13,0,0,1,0,19592.67,0,0,23643.63
21,12,1,0,0,0,19592.67,716.13,0,22165.90
25,12,1,0,1,0,19592.67,5370.97,0,24642.57
24,13,1,0,1,0,19592.67,11637.10,0,18442.03
24,12,1,0,0,0,19592.67,11995.16,0,19210.45
32,14,1,0,1,0,19592.67,12335.32,0,14777.27
27,16,0,0,1,0,19592.67,12532.26,0,17720.90
21,12,0,1,1,0,19592.67,12532.26,0,17732.72
24,16,0,0,1,0,19592.67,12890.32,0,31032.26
45,14,0,0,1,0,19592.67,13606.45,0,17732.72
38,12,0,0,1,0,19592.67,13964.52,0,16286.03
27,15,0,0,1,0,19592.67,14859.68,0,23643.63
20,12,1,0,1,0,19592.67,16709.08,0,12708.45
23,12,1,0,1,0,19592.67,17008.06,0,22165.90
33,12,0,0,1,0,19592.67,17008.06,0,25014.96
24,13,0,0,1,0,19592.67,17187.10,0,22313.67
44,12,0,0,1,0,19592.67,17187.10,0,15368.36
34,12,1,0,1,0,19592.67,17366.13,0,19210.45
23,12,1,0,1,0,19592.67,17366.13,0,14777.27
27,12,1,0,1,0,19592.67,17724.19,0,25121.35
25,16,0,0,1,0,19592.67,17903.23,0,25712.44
22,12,0,0,1,0,19592.67,17903.23,0,23643.63
24,16,0,0,0,0,19592.67,17903.23,0,16993.86
23,12,0,0,1,0,19592.67,17903.23,0,16254.99
31,16,0,0,1,0,19592.67,17903.23,0,17732.72
23,12,1,0,1,0,19592.67,17903.23,0,26599.08
27,12,0,0,1,0,19592.67,18082.26,0,32657.76
20,12,1,0,1,0,19592.67,18619.36,0,23643.63
20,12,0,0,1,0,19592.67,18798.39,0,17732.72
52,15,0,0,1,0,19592.67,18798.39,0,17437.17
33,16,0,0,1,0,19592.67,19335.48,0,26599.08
40,12,0,0,1,0,19592.67,19335.48,0,21279.26
31,12,1,0,1,0,19592.67,19466.18,0,20259.63
35,12,0,0,1,0,19592.67,19693.55,0,22535.33
33,12,0,0,0,0,19592.67,19693.55,0,13299.54
22,12,0,0,1,0,19592.67,19693.55,0,17732.72
29,16,1,0,1,0,19592.67,20588.71,0,42854.07
26,12,0,0,1,0,19592.67,21125.81,0,21982.66
23,12,0,0,1,0,19592.67,21215.32,0,24884.92
30,12,0,0,1,0,19592.67,21483.87,0,23348.08
43,12,0,0,1,0,19592.67,21483.87,0,22165.90
43,12,0,0,1,0,19592.67,21483.87,0,22165.90
31,12,0,0,1,0,19592.67,21483.87,0,25121.35
23,12,0,0,1,0,19592.67,21483.87,0,20688.17
23,13,0,0,1,0,19592.67,21483.87,0,21279.26
28,16,0,0,1,0,19592.67,21483.87,0,32509.98
30,12,0,0,1,0,19592.67,21483.87,0,29554.53
53,12,1,0,1,0,19592.67,21483.87,0,23643.63
32,12,0,0,1,0,19592.67,21483.87,0,29554.53
43,12,0,0,1,0,19592.67,21739.89,0,29338.78
43,12,0,0,1,0,19592.67,21739.89,0,29338.78
37,17,0,0,0,0,19592.67,23005.64,0,22165.90
23,12,1,0,1,0,19592.67,23274.19,0,21427.04
28,12,1,0,1,0,19592.67,24169.36,0,25860.21
27,14,1,0,0,0,19592.67,25064.52,0,28815.67
46,12,0,0,0,0,19592.67,25064.52,0,29554.53
30,12,1,0,1,0,19592.67,26854.84,0,25897.16
35,17,0,0,1,0,19592.67,44758.07,0,36943.16
26,15,0,0,1,0,19596.59,19335.48,0,23643.63
25,12,0,0,1,0,19641.65,8736.77,0,23643.63
24,12,0,0,1,0,19706.30,6624.19,0,25121.35
22,14,0,0,1,0,19727.86,20141.13,0,22284.12
27,13,0,0,1,0,19735.70,20051.61,0,36943.16
36,12,1,0,1,0,19749.41,25064.52,0,23643.63
35,13,0,0,1,0,19788.60,21269.03,0,14777.27
34,12,1,0,1,0,19788.60,23274.19,0,31032.26
28,14,0,0,1,0,19984.52,12532.26,0,31032.26
18,12,0,0,1,0,19984.52,23274.19,0,26599.08
21,12,0,0,1,0,20068.77,21215.32,0,56892.47
28,16,1,0,1,0,20082.48,19335.48,0,21279.26
24,14,0,0,1,0,20141.26,0,0,0
30,12,0,0,1,0,20180.45,15754.84,0,33987.71
42,12,0,0,1,0,20180.45,17455.64,0,0
24,12,0,0,1,0,20180.45,19693.55,0,29554.53
40,12,0,0,1,0,20180.45,19693.55,0,17732.72
25,17,0,0,1,0,20180.45,21036.29,0,22904.76
27,17,0,0,1,0,20180.45,21578.76,0,28520.12
24,16,0,0,1,0,20200.04,17903.23,0,42854.07
25,16,1,0,0,0,20233.35,19335.48,0,23052.54
53,16,0,0,1,0,20343.07,20112.48,0,19930.10
28,12,0,0,1,0,20376.38,17903.23,0,32509.98
20,12,0,0,1,0,20376.38,18655.16,0,16993.86
26,12,0,0,1,0,20376.38,20946.77,0,22165.90
33,12,0,0,1,0,20503.73,21483.87,0,20688.17
24,14,0,0,0,0,20572.30,11637.10,0,12412.90
38,12,1,0,0,0,20572.30,14322.58,0,16254.99
27,12,0,0,1,0,20572.30,17545.16,0,24530.26
27,16,0,0,1,0,20572.30,18619.36,0,88663.59
31,13,0,0,1,0,20572.30,18798.39,0,29554.53
26,15,0,0,1,0,20572.30,18798.39,0,23643.63
28,16,0,0,1,0,20572.30,18798.39,0,22165.90
26,17,0,0,1,0,20572.30,18977.42,0,35465.44
52,12,0,0,1,0,20572.30,18977.42,0,20688.17
25,12,0,0,1,0,20572.30,20588.71,0,22461.44
24,12,0,0,1,0,20572.30,20767.74,0,22165.90
41,12,0,0,1,0,20572.30,21483.87,0,25310.50
40,12,0,0,1,0,20572.30,24772.69,0,32586.83
40,12,0,0,1,0,20572.30,24772.69,0,32586.83
32,13,0,0,1,0,20572.30,25064.52,0,7388.63
24,12,1,0,1,0,20572.30,25959.68,0,31032.26
46,12,1,0,1,0,20572.30,32225.81,0,7882.19
31,13,0,0,1,0,20572.30,33658.07,0,31032.26
25,15,0,0,0,0,20738.84,21483.87,0,39011.98
29,12,0,0,1,0,20768.23,0,0,44331.80
25,14,0,0,0,0,20768.23,14322.58,0,17437.17
42,16,0,0,1,0,20768.23,19693.55,0,22165.90
24,12,0,0,1,0,20768.23,23274.19,0,27485.71
25,14,1,0,1,0,20768.23,23274.19,0,26303.53
44,12,0,0,1,0,20895.58,12174.19,0,20963.03
27,12,0,0,0,0,20964.15,18440.32,0,23348.08
28,14,0,0,1,0,20964.15,20588.71,0,28446.24
33,16,0,0,1,0,20964.15,21483.87,0,22018.13
25,16,0,0,1,0,20964.15,24706.45,0,26229.65
26,12,1,0,1,0,21116.98,22379.03,0,25121.35
39,12,0,0,1,0,21138.53,20366.71,0,15049.17
31,14,0,0,1,0,21140.49,20141.13,0,19653.76
31,14,0,0,1,0,21140.49,20141.13,0,19653.76
23,13,1,0,1,0,21160.08,17903.23,0,23643.63
42,12,0,0,1,0,21160.08,21483.87,0,12232.62
36,14,0,0,1,0,21160.08,23460.39,0,0
26,12,0,0,1,0,21160.08,24169.36,0,21279.26
46,17,0,0,0,0,21258.04,24094.16,0,24787.39
31,12,0,0,1,0,21356.01,15038.71,0,35465.44
27,12,1,0,1,0,21356.01,20588.71,0,21722.58
25,12,0,1,1,0,21512.75,26586.29,0,25558.76
42,16,0,0,1,0,21551.94,0,0,41376.34
28,12,0,0,1,0,21551.94,8366.18,0,0
28,12,0,0,1,0,21551.94,10562.90,0,21722.58
27,13,0,0,1,0,21551.94,14322.58,0,16254.99
35,12,1,0,1,0,21551.94,14322.58,0,15638.78
35,12,1,0,1,0,21551.94,14322.58,0,15638.78
26,12,0,0,1,0,21551.94,15217.74,0,26599.08
19,12,0,0,1,0,21551.94,15754.84,0,19210.45
29,12,0,0,1,0,21551.94,17008.06,0,20688.17
34,12,1,0,1,0,21551.94,17903.23,0,25121.35
28,16,0,0,1,0,21551.94,18619.36,0,44331.80
31,16,0,0,1,0,21551.94,18798.39,0,23348.08
37,15,1,0,0,0,21551.94,19210.16,0,17732.72
40,12,0,0,1,0,21551.94,19693.55,0,31032.26
37,12,0,0,1,0,21551.94,19693.55,0,44331.80
48,12,0,0,1,0,21551.94,20230.64,0,0
43,12,0,0,1,0,21551.94,20588.71,0,19210.45
26,16,0,0,1,0,21551.94,20588.71,0,28815.67
29,12,0,0,1,0,21551.94,20588.71,0,19949.31
27,12,0,0,1,0,21551.94,21120.44,0,23052.54
22,14,0,0,1,0,21551.94,21483.87,0,23200.31
23,12,0,0,1,0,21551.94,21483.87,0,26599.08
21,12,0,0,1,0,21551.94,21483.87,0,12534.08
36,12,0,0,1,0,21551.94,21483.87,0,23643.63
26,16,0,0,1,0,21551.94,21483.87,0,29492.47
33,12,0,0,1,0,21551.94,21483.87,0,21427.04
37,12,0,0,1,0,21551.94,22379.03,0,24382.49
29,16,0,0,0,0,21551.94,22737.10,0,33248.85
25,14,0,0,1,0,21551.94,22916.13,0,31505.13
27,16,0,0,1,0,21551.94,23274.19,0,27633.49
41,17,0,0,1,0,21551.94,23274.19,0,22904.76
29,16,0,0,1,0,21551.94,23274.19,0,23643.63
34,14,0,0,1,0,21551.94,23274.19,0,22165.90
45,12,0,0,1,0,21551.94,23632.26,0,26633.07
41,12,1,0,1,0,21551.94,24885.48,0,21427.04
35,13,1,0,1,0,21551.94,25959.68,0,26423.23
23,12,0,0,1,0,21551.94,25959.68,0,58665.75
43,17,0,0,0,0,21551.94,25959.68,0,36943.16
21,12,0,0,1,0,21551.94,26138.71,0,38420.89
22,12,0,0,1,0,21551.94,26765.32,0,35465.44
25,17,0,0,1,0,21551.94,31151.61,0,53937.02
23,16,0,0,1,0,21551.94,35806.45,0,44331.80
28,14,0,0,1,0,21649.90,26854.84,0,22165.90
44,13,0,0,1,0,21679.29,21918.92,0,22165.90
23,12,0,0,0,0,21747.86,11413.31,0,2216.59
39,14,0,0,1,0,21747.86,21841.94,0,18619.36
23,12,0,0,1,0,21865.42,21483.87,0,25121.35
24,14,1,0,1,0,21869.34,26353.55,0,18767.13
24,13,0,1,1,0,21922.24,24742.26,0,35317.66
51,12,0,0,1,0,21943.79,19156.45,0,24382.49
34,12,0,0,1,0,21943.79,20409.68,0,21131.49
27,12,0,0,1,0,21943.79,20588.71,0,18323.81
29,17,0,0,1,0,21943.79,21752.42,0,22165.90
26,14,1,0,1,0,21943.79,25959.68,0,36943.16
26,13,0,1,1,0,21953.59,5671.74,0,25860.21
23,14,0,0,0,0,22139.71,18798.39,0,41376.34
46,12,0,0,1,0,22139.71,22622.52,0,23643.63
27,12,0,0,0,0,22139.71,25422.58,0,61768.97
30,17,1,0,1,0,22139.71,27929.03,0,33248.85
25,12,1,0,1,0,22139.71,33300,0,29554.53
27,14,0,0,1,0,22218.09,23306.42,0,26599.08
27,17,0,0,1,0,22237.68,22379.03,0,14777.27
50,12,0,0,1,0,22306.25,27544.11,0,26876.89
50,12,0,0,1,0,22306.25,27544.11,0,26876.89
50,12,0,0,1,0,22306.25,27544.11,0,26876.89
48,12,0,0,1,0,22321.93,23881.11,0,25399.16
24,16,0,0,1,0,22335.64,22880.32,0,29037.33
25,12,0,1,1,0,22335.64,24169.36,0,31032.26
37,12,0,0,1,0,22441.44,16385.03,0,23269.76
37,12,0,0,1,0,22441.44,16385.03,0,23269.76
29,12,1,0,1,0,22531.57,18619.36,0,23643.63
27,15,0,0,1,0,22531.57,20588.71,0,35465.44
41,12,0,1,1,0,22531.57,20946.77,0,22165.90
29,12,0,0,1,0,22531.57,21483.87,0,22165.90
27,16,0,0,1,0,22531.57,21483.87,0,23643.63
44,12,0,0,1,0,22531.57,22379.03,0,23643.63
26,13,0,0,1,0,22531.57,22379.03,0,37238.71
34,12,0,0,1,0,22531.57,22379.03,0,26599.08
20,12,0,0,1,0,22531.57,23274.19,0,24382.49
43,14,0,0,1,0,22531.57,23274.19,0,28520.12
47,12,0,1,1,0,22531.57,25028.71,0,25564.67
31,12,0,0,1,0,22531.57,25064.52,0,29554.53
33,12,0,0,1,0,22531.57,26496.77,0,24973.58
24,12,1,0,0,0,22531.57,26854.84,0,29554.53
27,16,0,0,0,0,22531.57,30435.48,0,42854.07
23,14,0,0,1,0,22531.57,33658.07,0,26599.08
27,17,0,0,1,0,22594.27,18261.29,0,28815.67
50,16,0,0,0,0,22629.53,19693.55,0,17732.72
22,14,0,0,1,0,22682.43,24706.45,0,20688.17
31,12,1,0,1,0,22727.49,1503.87,0,27781.26
34,12,0,0,1,0,22727.49,18619.36,0,20688.17
28,12,0,0,1,0,22727.49,20051.61,0,22904.76
26,12,0,0,1,0,22727.49,21483.87,0,26599.08
46,12,0,0,1,0,22727.49,21841.94,0,22904.76
27,17,0,0,1,0,22727.49,22379.03,0,24086.94
47,13,0,0,1,0,22727.49,22558.06,0,24382.49
29,17,0,0,1,0,22923.42,21483.87,0,27042.40
24,16,0,0,0,0,22923.42,22379.03,0,26451.31
30,16,0,0,1,0,22923.42,23274.19,0,28076.80
23,12,0,0,1,0,22982.20,24033.29,0,14777.27
27,15,0,0,1,0,23119.35,0,0,0
25,12,0,0,1,0,23119.35,24074.47,0,25195.24
26,12,0,0,1,0,23315.28,26767.11,0,27633.49
26,12,0,0,1,0,23511.20,0,0,0
25,12,0,0,1,0,23511.20,11279.03,0,21279.26
32,12,0,0,1,0,23511.20,13785.48,0,31032.26
32,12,0,1,1,0,23511.20,13964.52,0,66497.70
50,16,0,0,0,0,23511.20,14322.58,0,39973.98
25,13,0,0,0,0,23511.20,14322.58,0,20850.72
33,12,1,0,1,0,23511.20,14322.58,0,23643.63
27,12,0,0,1,0,23511.20,15038.71,0,12738.00
28,16,1,0,1,0,23511.20,16112.90,0,22018.13
28,12,0,0,1,0,23511.20,16112.90,0,0
38,12,0,0,1,0,23511.20,16112.90,0,30293.39
31,12,0,0,1,0,23511.20,17903.23,0,22165.90
28,12,0,0,1,0,23511.20,18798.39,0,36943.16
43,12,1,0,1,0,23511.20,19421.42,0,13559.62
37,17,1,0,1,0,23511.20,19693.55,0,76841.78
37,17,1,0,1,0,23511.20,19693.55,0,76841.78
23,12,0,0,1,0,23511.20,19854.68,0,18914.90
55,12,0,0,1,0,23511.20,20588.71,0,22165.90
34,17,0,0,1,0,23511.20,20588.71,0,23421.97
28,17,0,0,1,0,23511.20,20946.77,0,69453.15
31,14,0,0,1,0,23511.20,21483.87,0,27830.03
28,12,0,0,1,0,23511.20,21483.87,0,23643.63
25,12,0,1,1,0,23511.20,21483.87,0,25121.35
54,15,0,0,1,0,23511.20,21483.87,0,59109.06
42,12,1,0,0,0,23511.20,21483.87,0,22165.90
35,12,0,0,1,0,23511.20,21483.87,0,29554.53
27,13,0,0,0,0,23511.20,21483.87,0,22165.90
45,12,0,0,1,0,23511.20,21483.87,0,0
26,12,1,0,1,0,23511.20,21483.87,0,31623.35
28,16,0,0,1,0,23511.20,21483.87,0,11821.81
30,16,0,0,1,0,23511.20,21483.87,0,22165.90
24,12,0,1,1,0,23511.20,21483.87,0,23052.54
26,14,0,0,1,0,23511.20,22020.97,0,22165.90
35,14,0,0,1,0,23511.20,22379.03,0,22165.90
42,17,0,0,1,0,23511.20,22379.03,0,0
42,17,0,0,1,0,23511.20,22379.03,0,0
28,16,0,0,1,0,23511.20,22379.03,0,27337.94
28,12,0,0,1,0,23511.20,22379.03,0,29554.53
27,14,0,0,1,0,23511.20,22558.06,0,23531.32
35,16,0,0,1,0,23511.20,22737.10,0,21834.89
55,12,0,0,1,0,23511.20,22916.13,0,17732.72
36,14,0,0,1,0,23511.20,23274.19,0,33248.85
42,16,0,1,1,0,23511.20,23274.19,0,29554.53
22,12,0,0,1,0,23511.20,23274.19,0,26155.76
33,12,1,0,1,0,23511.20,23274.19,0,36943.16
38,12,0,0,1,0,23511.20,23274.19,0,25121.35
48,16,0,0,1,0,23511.20,23274.19,0,39898.62
48,16,0,0,1,0,23511.20,23274.19,0,39898.62
25,13,0,0,1,0,23511.20,23456.81,0,26007.99
23,14,0,0,1,0,23511.20,24169.36,0,31032.26
31,16,0,0,1,0,23511.20,24706.45,0,28963.44
26,12,0,0,1,0,23511.20,24885.48,0,26599.08
32,12,0,0,1,0,23511.20,25064.52,0,26599.08
29,13,0,0,1,0,23511.20,25064.52,0,0
29,13,0,0,1,0,23511.20,25064.52,0,0
30,16,0,0,1,0,23511.20,25243.55,0,27042.40
47,14,1,0,1,0,23511.20,25565.81,0,23974.64
51,12,1,0,1,0,23511.20,25601.61,0,25121.35
26,14,0,0,1,0,23511.20,25780.64,0,31032.26
32,16,0,0,1,0,23511.20,25959.68,0,35465.44
35,14,0,0,1,0,23511.20,26496.77,0,29554.53
35,14,0,0,1,0,23511.20,26496.77,0,29554.53
54,12,0,0,1,0,23511.20,26854.84,0,2049.61
55,12,0,0,1,0,23511.20,26854.84,0,26599.08
55,12,0,0,1,0,23511.20,26854.84,0,26599.08
38,12,0,0,1,0,23511.20,26854.84,0,29554.53
25,12,0,0,0,0,23511.20,26854.84,0,18176.04
30,12,0,0,1,0,23511.20,28645.16,0,32509.98
25,17,0,0,1,0,23511.20,29003.23,0,28076.80
39,12,0,0,0,0,23511.20,31509.68,0,15516.13
28,14,0,0,1,0,23511.20,32225.81,0,36943.16
47,12,1,0,1,0,23511.20,32225.81,0,17732.72
39,17,0,0,1,0,23511.20,35448.39,0,32509.98
49,12,0,0,1,0,23511.20,35806.45,0,23643.63
21,12,0,0,1,0,23511.20,50129.03,0,0
31,14,0,0,1,0,23707.13,20767.74,0,23939.17
27,12,0,0,1,0,23707.13,21483.87,0,33987.71
37,12,0,0,1,0,23707.13,22200,0,22904.76
51,12,0,0,1,0,23707.13,22379.03,0,19411.42
29,12,0,0,1,0,23707.13,26854.84,0,28076.80
27,14,0,0,1,0,23707.13,29540.32,0,23200.31
24,13,0,0,1,0,23903.05,1790.32,0,449.23
32,12,0,0,1,0,23903.05,24812.08,0,12412.90
31,17,0,0,1,0,23903.05,25601.61,0,27042.40
46,12,0,0,0,0,23918.73,12532.26,0,0
40,15,0,1,1,0,24001.02,23274.19,0,26599.08
27,16,0,0,1,0,24098.98,7161.29,0,36204.30
27,17,0,0,1,0,24098.98,22200,0,25860.21
28,14,0,0,1,0,24098.98,22379.03,0,27337.94
29,17,0,0,1,0,24098.98,24527.42,0,23643.63
36,13,0,0,1,0,24098.98,25064.52,0,25564.67
23,12,0,0,1,0,24098.98,26854.84,0,17437.17
28,12,0,0,1,0,24294.91,18261.29,0,21427.04
28,12,0,0,1,0,24383.07,15217.74,0,19210.45
34,12,0,0,1,0,24486.92,22200,0,22904.76
41,12,0,0,1,0,24490.84,14322.58,0,22165.90
25,13,0,0,1,0,24490.84,18261.29,0,0
45,12,0,0,1,0,24490.84,21483.87,0,10639.63
45,12,1,0,1,0,24490.84,21483.87,0,28076.80
41,12,0,0,1,0,24490.84,21483.87,0,33987.71
35,16,0,0,0,0,24490.84,21841.94,0,24825.81
35,13,1,0,1,0,24490.84,23274.19,0,25121.35
29,16,0,0,1,0,24490.84,23453.23,0,25860.21
28,13,0,0,1,0,24490.84,23868.58,0,23495.85
35,13,0,0,1,0,24490.84,23990.32,0,22165.90
35,16,0,0,1,0,24490.84,24169.36,0,25638.56
30,12,0,0,1,0,24490.84,25064.52,0,29554.53
29,12,0,0,1,0,24490.84,25064.52,0,28076.80
26,14,1,0,1,0,24490.84,25717.98,0,26643.41
28,16,0,0,1,0,24490.84,26460.97,0,45809.52
30,16,0,0,1,0,24490.84,26854.84,0,38420.89
26,17,0,0,0,0,24490.84,26854.84,0,29702.30
22,13,0,0,1,0,24490.84,26854.84,0,39159.75
22,12,0,0,1,0,24490.84,26854.84,0,25121.35
26,16,0,0,0,0,24490.84,27750,0,9605.22
43,12,1,0,1,0,24490.84,29355.92,0,35465.44
43,13,1,0,1,0,24490.84,34016.13,0,39898.62
48,16,0,0,1,0,24663.25,18082.26,0,25121.35
45,12,0,0,1,0,24686.76,15217.74,0,27929.03
27,12,1,0,1,0,24686.76,22558.06,0,22609.22
44,17,0,0,1,0,24686.76,23274.19,0,23348.08
26,16,0,0,1,0,24686.76,25422.58,0,29554.53
54,16,0,0,1,0,24686.76,26854.84,0,26451.31
54,16,0,0,1,0,24686.76,26854.84,0,26451.31
54,16,0,0,1,0,24686.76,26854.84,0,26451.31
29,12,0,0,1,0,24686.76,27750,0,24382.49
22,12,0,0,1,0,24765.13,21594.87,0,34320.20
39,17,0,0,1,0,24823.91,25064.52,0,27061.61
35,16,0,0,1,0,24882.69,24527.42,0,36943.16
44,12,0,0,1,0,24882.69,27929.03,0,25121.35
32,16,0,0,1,0,24980.65,25064.52,0,26599.08
27,17,0,0,1,0,25078.62,19693.55,0,24530.26
27,17,0,0,1,0,25078.62,19693.55,0,24530.26
26,12,0,0,1,0,25078.62,23274.19,0,26599.08
46,12,0,0,1,0,25078.62,24169.36,0,26780.84
25,16,0,0,0,0,25078.62,25601.61,0,30145.62
35,12,0,0,1,0,25078.62,26854.84,0,29554.53
33,16,0,0,1,0,25078.62,26854.84,0,24448.99
26,16,0,0,1,0,25078.62,30793.55,0,36943.16
26,12,1,0,1,0,25088.41,23274.19,0,29554.53
20,12,0,0,1,0,25294.13,18798.39,0,25121.35
49,12,0,0,1,0,25470.47,17953.36,0,20244.85
25,13,0,0,1,0,25470.47,18798.39,0,23643.63
28,12,1,0,0,0,25470.47,19693.55,0,26599.08
28,13,0,0,1,0,25470.47,19693.55,0,26599.08
35,12,1,0,1,0,25470.47,21483.87,0,26599.08
27,12,0,0,0,0,25470.47,21483.87,0,25121.35
44,12,0,0,1,0,25470.47,21483.87,0,25634.12
23,12,0,1,1,0,25470.47,21483.87,0,32509.98
32,12,1,0,1,0,25470.47,22379.03,0,31771.12
24,12,0,0,1,0,25470.47,22737.10,0,25121.35
27,12,0,0,1,0,25470.47,23095.16,0,31032.26
46,12,0,0,1,0,25470.47,23274.19,0,29554.53
31,12,0,0,1,0,25470.47,23274.19,0,22165.90
27,15,1,0,0,0,25470.47,24169.36,0,29554.53
51,16,0,0,0,0,25470.47,24169.36,0,12708.45
43,12,1,0,1,0,25470.47,25064.52,0,25121.35
32,16,1,0,1,0,25470.47,25422.58,0,30145.62
37,12,0,0,0,0,25470.47,25780.64,0,22461.44
37,12,0,0,0,0,25470.47,25780.64,0,22461.44
30,12,0,0,1,0,25470.47,25959.68,0,28076.80
45,12,1,0,1,0,25470.47,26695.50,0,27898
45,12,1,0,1,0,25470.47,26695.50,0,27898
49,17,0,0,1,0,25470.47,26854.84,0,29554.53
49,17,0,0,1,0,25470.47,26854.84,0,29554.53
26,17,0,0,1,0,25470.47,26854.84,0,44331.80
37,13,0,0,1,0,25470.47,30435.48,0,32509.98
44,17,0,0,1,0,25470.47,30435.48,0,21427.04
30,17,0,0,1,0,25470.47,31330.64,0,38420.89
51,12,0,0,1,0,25470.47,32225.81,0,29554.53
28,17,0,0,1,0,25607.62,18091.21,0,22165.90
29,16,0,0,1,0,25666.39,28287.10,0,35465.44
40,12,0,0,1,0,25707.54,20409.68,0,23052.54
34,16,0,0,1,0,25862.32,0,0,0
51,12,0,0,1,0,25862.32,20588.71,0,24825.81
26,16,0,0,1,0,25862.32,22379.03,0,35465.44
46,12,0,0,1,0,25862.32,23274.19,0,35465.44
45,14,0,0,1,0,25862.32,28645.16,0,26599.08
49,12,0,0,1,0,25862.32,28645.16,0,26599.08
26,16,0,0,0,0,25862.32,31790.76,0,15646.17
30,16,0,0,1,0,26058.25,28645.16,0,29258.99
50,12,0,0,1,0,26254.18,0,0,0
25,12,0,0,0,0,26254.18,21483.87,0,26599.08
27,17,0,0,0,0,26254.18,29540.32,0,31032.26
46,16,0,0,1,0,26293.36,65160.58,0,17732.72
46,16,0,0,1,0,26293.36,65160.58,0,17732.72
43,12,1,0,1,0,26450.10,14322.58,0,29554.53
27,12,1,0,1,0,26450.10,18798.39,0,31032.26
22,12,0,0,0,0,26450.10,23274.19,0,19210.45
55,12,0,0,1,0,26450.10,23990.32,0,29554.53
53,12,0,0,1,0,26450.10,25064.52,0,26007.99
44,12,0,0,1,0,26450.10,25959.68,0,26746.85
47,13,0,0,1,0,26450.10,25959.68,0,26625.68
46,14,0,0,1,0,26450.10,26496.77,0,29554.53
25,12,0,0,1,0,26450.10,26836.94,0,35465.44
31,15,1,0,0,0,26450.10,26854.84,0,25860.21
28,16,0,0,1,0,26450.10,26854.84,0,29554.53
40,16,0,0,1,0,26450.10,26854.84,0,32421.32
40,16,0,0,1,0,26450.10,26854.84,0,32421.32
28,12,0,0,1,0,26450.10,26858.42,0,29480.64
29,15,0,0,1,0,26450.10,27250.50,0,28815.67
42,16,0,0,1,0,26450.10,27499.36,0,29554.53
30,15,0,0,1,0,26450.10,27570.97,0,29554.53
39,12,0,0,1,0,26450.10,27750,0,6354.22
30,16,0,0,1,0,26450.10,28197.58,0,29554.53
50,12,0,0,1,0,26450.10,30077.42,0,26599.08
29,17,0,0,0,0,26614.68,28503.73,0,29315.14
29,15,0,0,1,0,26646.03,19693.55,0,32509.98
27,12,0,0,1,0,26646.03,29540.32,0,35465.44
31,12,0,1,1,0,26841.96,6982.26,0,17732.72
31,12,0,1,1,0,26841.96,6982.26,0,17732.72
29,12,0,0,1,0,26841.96,20588.71,0,42854.07
27,16,0,0,1,0,26841.96,22200,0,19210.45
26,17,1,0,0,0,26841.96,25243.55,0,20392.63
42,17,0,0,1,0,26841.96,31330.64,0,36943.16
24,12,1,0,1,0,26841.96,31688.71,0,33839.94
48,12,1,0,1,0,26908.57,22558.06,0,36943.16
25,13,0,0,1,0,26996.74,28197.58,0,22165.90
21,12,1,0,1,0,27037.88,16560.48,0,20688.17
48,12,0,0,1,0,27037.88,25064.52,0,23643.63
50,12,0,0,1,0,27037.88,26854.84,0,27337.94
28,17,0,0,1,0,27037.88,27750,0,51720.43
29,17,0,0,0,0,27037.88,29182.26,0,26599.08
33,17,0,0,1,0,27037.88,31867.74,0,28815.67
52,12,0,0,1,0,27220.09,24706.45,0,32509.98
22,12,0,0,1,0,27233.81,14322.58,0,32509.98
43,12,0,0,1,0,27233.81,25064.52,0,29554.53
34,13,0,0,1,0,27233.81,25064.52,0,31032.26
46,12,0,0,1,0,27233.81,28645.16,0,28076.80
31,17,0,0,1,0,27429.73,0,0,0
28,13,0,0,1,0,27429.73,20588.71,0,23578.61
44,12,1,0,1,0,27429.73,21483.87,0,22609.22
25,12,0,0,1,0,27429.73,21483.87,0,28520.12
29,14,0,0,1,0,27429.73,22099.74,0,29644.67
24,16,0,0,0,0,27429.73,22200,0,25712.44
31,12,0,0,1,0,27429.73,22379.03,0,0
40,12,1,0,1,0,27429.73,23274.19,0,38420.89
30,17,0,0,1,0,27429.73,25064.52,0,20688.17
26,16,1,0,1,0,27429.73,25064.52,0,32509.98
32,12,0,0,1,0,27429.73,25064.52,0,16254.99
26,15,0,0,1,0,27429.73,25064.52,0,28815.67
28,16,0,0,1,0,27429.73,25064.52,0,31032.26
54,13,0,0,1,0,27429.73,25422.58,0,24382.49
30,14,0,0,1,0,27429.73,25780.64,0,31032.26
33,14,0,0,1,0,27429.73,25959.68,0,24382.49
33,12,0,0,1,0,27429.73,25959.68,0,27846.28
26,12,0,0,1,0,27429.73,26496.77,0,32509.98
44,13,0,0,1,0,27429.73,26774.27,0,35465.44
49,12,0,0,1,0,27429.73,26854.84,0,26599.08
55,17,1,0,1,0,27429.73,26854.84,0,17806.61
28,12,0,0,1,0,27429.73,26854.84,0,22165.90
45,12,0,0,1,0,27429.73,26854.84,0,25121.35
30,14,1,0,1,0,27429.73,26892.44,0,20688.17
40,12,0,0,1,0,27429.73,27008.81,0,25440.54
27,17,0,0,1,0,27429.73,27750,0,26599.08
51,16,0,0,1,0,27429.73,28645.16,0,28076.80
51,16,0,0,1,0,27429.73,28645.16,0,28076.80
43,12,0,0,1,0,27429.73,28645.16,0,25121.35
37,12,0,0,1,0,27429.73,28645.16,0,0
37,12,0,0,1,0,27429.73,28645.16,0,0
38,14,0,0,1,0,27429.73,29046.19,0,27929.03
36,16,0,0,0,0,27429.73,30256.45,0,30736.71
27,13,1,0,1,0,27429.73,30435.48,0,24973.58
21,12,0,0,1,0,27429.73,30435.48,0,31978.00
25,14,0,0,0,0,27429.73,32225.81,0,31032.26
33,13,0,0,1,0,27429.73,41177.42,0,38420.89
38,14,0,0,1,0,27429.73,68032.26,0,26599.08
32,16,0,0,1,0,27625.66,29540.32,0,33987.71
27,12,0,0,0,0,27821.59,27212.90,0,32509.98
24,17,0,0,0,0,27821.59,27570.97,0,32509.98
43,12,0,0,1,0,27821.59,28645.16,0,32509.98
26,17,0,0,1,0,27843.14,28645.16,0,49651.61
33,12,0,0,1,0,28017.52,25422.58,0,22756.99
34,14,0,0,1,0,28017.52,26854.84,0,36943.16
28,12,0,0,1,0,28017.52,29540.32,0,32509.98
41,12,0,0,1,0,28017.52,30435.48,0,32509.98
25,12,0,0,1,0,28017.52,31062.10,0,28076.80
28,17,0,0,1,0,28017.52,31151.61,0,31032.26
26,13,1,0,1,0,28105.68,37596.77,0,58653.92
28,17,0,0,1,0,28213.44,25422.58,0,26451.31
53,12,0,0,1,0,28213.44,26854.84,0,0
55,12,0,0,1,0,28213.44,33206.90,0,31771.12
29,14,0,0,1,0,28409.37,21125.81,0,23348.08
39,14,0,0,1,0,28409.37,28645.16,0,31032.26
31,16,0,0,1,0,28409.37,28915.50,0,32509.98
25,16,0,0,1,0,28409.37,29540.32,0,32509.98
25,14,0,0,1,0,28409.37,30435.48,0,10935.18
29,16,0,0,1,0,28409.37,32225.81,0,42854.07
29,16,1,0,1,0,28409.37,32225.81,0,29554.53
27,14,0,0,1,0,28409.37,32225.81,0,39898.62
34,16,0,0,1,0,28409.37,32583.87,0,35465.44
45,12,0,0,1,0,28589.62,28263.82,0,29258.99
28,12,0,0,1,0,28605.29,20588.71,0,34135.48
43,16,0,0,1,0,28801.22,27929.03,0,26953.73
54,12,0,0,1,0,28889.39,35806.45,0,31032.26
29,16,0,0,1,0,28899.19,29540.32,0,0
55,12,0,0,1,0,29100.99,26409.05,0,29369.82
55,12,0,0,1,0,29100.99,26409.05,0,29369.82
29,12,1,0,0,0,29193.07,15396.77,0,31032.26
50,12,1,0,1,0,29193.07,17903.23,0,25121.35
24,12,0,0,1,0,29193.07,21304.84,0,19242.96
26,12,0,0,1,0,29330.22,28287.10,0,38420.89
41,13,0,0,0,0,29389.00,0,0,30293.39
47,17,0,0,1,0,29389.00,20230.64,0,42410.75
28,17,0,0,1,0,29389.00,21483.87,0,19210.45
42,12,0,0,1,0,29389.00,22379.03,0,28490.57
37,12,1,0,1,0,29389.00,22379.03,0,19210.45
37,12,1,0,1,0,29389.00,22379.03,0,19210.45
48,16,0,0,1,0,29389.00,23274.19,0,0
21,12,0,0,1,0,29389.00,24169.36,0,28815.67
46,12,0,0,1,0,29389.00,24214.11,0,33987.71
29,12,0,0,1,0,29389.00,25959.68,0,35465.44
38,12,0,0,1,0,29389.00,26496.77,0,30191.43
28,12,0,0,1,0,29389.00,26854.84,0,35465.44
38,12,0,0,1,0,29389.00,26854.84,0,31032.26
53,12,0,0,1,0,29389.00,26854.84,0,26599.08
46,12,0,0,1,0,29389.00,27033.87,0,27781.26
46,12,0,0,1,0,29389.00,27033.87,0,27781.26
33,16,0,0,1,0,29389.00,27750,0,96052.23
34,12,0,0,1,0,29389.00,27912.92,0,11821.81
35,17,0,0,1,0,29389.00,28645.16,0,28076.80
53,12,0,0,1,0,29389.00,28645.16,0,29554.53
26,12,0,0,1,0,29389.00,28645.16,0,33987.71
26,16,0,0,1,0,29389.00,28645.16,0,35022.12
50,13,0,0,1,0,29389.00,29540.32,0,28076.80
46,12,1,0,1,0,29389.00,30435.48,0,22165.90
43,14,0,0,0,0,29389.00,30435.48,0,29554.53
26,14,0,0,0,0,29389.00,30435.48,0,29554.53
33,17,0,0,1,0,29389.00,30435.48,0,31032.26
33,17,0,0,1,0,29389.00,30435.48,0,19210.45
42,12,0,0,1,0,29389.00,30437.27,0,26007.99
34,12,0,0,1,0,29389.00,30793.55,0,31180.03
34,12,0,0,1,0,29389.00,30793.55,0,31180.03
34,17,0,0,1,0,29389.00,31330.64,0,25712.44
37,17,0,0,1,0,29389.00,31330.64,0,33987.71
34,17,0,0,1,0,29389.00,32225.81,0,32672.54
37,12,1,0,1,0,29389.00,32225.81,0,44331.80
26,17,0,0,1,0,29389.00,32225.81,0,35465.44
36,17,0,0,1,0,29389.00,34911.29,0,32509.98
28,14,0,0,0,0,29389.00,35448.39,0,33987.71
31,12,0,0,1,0,29389.00,35806.45,0,39159.75
25,14,0,0,1,0,29389.00,35806.45,0,33839.94
31,14,0,0,1,0,29389.00,35806.45,0,56153.61
28,12,0,0,1,0,29389.00,41177.42,0,47287.25
34,12,0,0,1,0,29389.00,42967.74,0,31032.26
47,14,1,0,1,0,29390.96,27750,0,36647.62
35,12,0,0,1,0,29422.31,28645.16,0,29554.53
35,15,1,0,1,0,29477.17,34098.48,0,19062.67
35,15,1,0,1,0,29477.17,34098.48,0,19062.67
31,12,0,0,1,0,29584.93,26854.84,0,29554.53
24,12,0,0,1,0,29780.86,30883.06,0,32509.98
28,12,0,0,1,0,29976.78,0,0,0
27,16,0,0,1,0,29976.78,30793.55,0,51720.43
47,12,0,0,1,0,30074.74,33312.53,0,15072.81
47,12,0,0,1,0,30074.74,33312.53,0,15072.81
37,14,0,1,1,0,30108.05,26854.84,0,26554.75
22,14,0,0,1,0,30368.63,20588.71,0,27485.71
47,12,0,0,1,0,30368.63,23274.19,0,25860.21
32,14,0,0,1,0,30368.63,24169.36,0,22165.90
29,15,0,0,0,0,30368.63,28645.16,0,44331.80
27,16,0,0,0,0,30368.63,31330.64,0,36943.16
37,14,0,0,1,0,30368.63,44758.07,0,81274.96
37,14,0,0,1,0,30368.63,44758.07,0,81274.96
43,12,0,0,1,0,30564.56,23811.29,0,31032.26
43,12,0,0,1,0,30564.56,23811.29,0,31032.26
34,12,0,0,1,0,30564.56,24885.48,0,24678.03
30,12,0,0,1,0,30564.56,26854.84,0,14777.27
39,16,0,0,0,0,30564.56,28645.16,0,33987.71
35,16,0,0,1,0,30564.56,29540.32,0,37120.49
28,12,0,0,1,0,30564.56,32941.93,0,36204.30
32,12,0,0,1,0,30564.56,35806.45,0,23052.54
26,12,0,0,1,0,30564.56,39387.10,0,39898.62
30,12,1,0,1,0,30758.53,35448.39,0,48247.77
27,12,0,0,1,0,30760.49,25064.52,0,31908.55
27,16,0,0,1,0,30760.49,26317.74,0,25860.21
28,12,0,0,1,0,30760.49,28824.19,0,39898.62
39,12,0,0,1,0,30760.49,32583.87,0,34726.57
28,15,1,0,1,0,30768.33,33486.20,0,30828.33
48,12,0,0,1,0,30860.41,29269.98,0,34753.18
48,14,0,0,1,0,30895.68,34732.26,0,32509.98
37,17,0,0,1,0,30956.41,30435.48,0,27939.38
49,17,0,0,1,0,30956.41,31867.74,0,35465.44
25,15,0,0,1,0,30956.41,41177.42,0,35465.44
27,15,0,0,1,0,31152.34,34016.13,0,43001.84
51,17,0,1,1,0,31348.27,0,0,88663.59
24,15,0,0,1,0,31348.27,26854.84,0,26599.08
31,17,0,0,1,0,31348.27,26854.84,0,32509.98
45,12,0,0,1,0,31348.27,27391.94,0,25564.67
45,12,0,0,1,0,31348.27,27391.94,0,25564.67
39,14,0,0,1,0,31348.27,27750,0,47287.25
39,14,0,0,1,0,31348.27,27750,0,47287.25
25,17,0,0,1,0,31348.27,28249.50,0,35561.49
53,17,0,0,1,0,31348.27,28645.16,0,27929.03
26,16,0,0,1,0,31348.27,28645.16,0,35465.44
31,12,0,0,1,0,31348.27,28645.16,0,27337.94
32,17,0,0,1,0,31348.27,28645.16,0,28076.80
48,17,0,0,1,0,31348.27,29540.32,0,32951.82
47,17,0,0,0,0,31348.27,29540.32,0,29258.99
44,16,0,0,1,0,31348.27,30435.48,0,19210.45
41,16,0,0,1,0,31348.27,30435.48,0,20688.17
44,16,0,0,1,0,31348.27,30435.48,0,33987.71
52,17,0,0,1,0,31348.27,31293.05,0,32509.98
40,12,0,0,1,0,31348.27,31330.64,0,27633.49
52,12,0,0,0,0,31348.27,32225.81,0,32509.98
53,16,0,0,1,0,31348.27,32225.81,0,32509.98
42,16,0,0,1,0,31348.27,32225.81,0,32214.44
39,14,0,0,1,0,31348.27,32569.55,0,31020.44
42,17,0,0,1,0,31348.27,32762.90,0,39159.75
31,14,0,0,1,0,31348.27,34016.13,0,38986.86
47,14,0,0,1,0,31348.27,34016.13,0,25150.91
51,16,0,0,1,0,31348.27,35448.39,0,44331.80
44,13,0,0,1,0,31348.27,35806.45,0,36943.16
35,14,0,0,1,0,31348.27,36630,0,42854.07
44,16,1,0,1,0,31644.12,30621.68,0,23495.85
46,12,0,0,1,0,31740.12,25780.64,0,17437.17
32,14,0,0,1,0,31818.49,31330.64,0,70930.88
29,16,0,0,1,0,31936.05,26640,0,24825.81
38,17,0,0,0,0,31936.05,33300,0,33805.95
26,14,0,0,1,0,32131.98,29898.39,0,28032.47
43,16,0,0,1,0,32131.98,31330.64,0,33987.71
45,16,0,0,0,0,32131.98,31330.64,0,31401.69
34,17,0,0,0,0,32131.98,44758.07,0,9161.91
49,14,0,0,1,0,32327.90,14322.58,0,24530.26
27,17,0,0,1,0,32327.90,25064.52,0,36943.16
26,16,0,0,1,0,32327.90,27750,0,32509.98
41,16,0,0,1,0,32327.90,31330.64,0,0
43,14,0,0,1,0,32327.90,31420.16,0,31032.26
28,13,0,0,1,0,32327.90,31688.71,0,40637.48
28,12,1,0,1,0,32327.90,32225.81,0,39898.62
27,16,0,0,1,0,32327.90,32225.81,0,39159.75
32,12,0,0,1,0,32327.90,32225.81,0,32509.98
31,12,0,0,1,0,32327.90,32225.81,0,32509.98
38,17,0,0,0,0,32327.90,32225.81,0,43297.39
43,12,0,0,0,0,32327.90,33479.03,0,33987.71
34,17,0,0,1,0,32327.90,34016.13,0,33987.71
22,14,0,0,1,0,32327.90,41177.42,0,32509.98
50,14,0,0,1,0,32602.20,27889.64,0,27314.30
44,14,0,0,1,0,32719.76,29540.32,0,26952.26
53,12,0,0,1,0,32868.66,31509.68,0,18914.90
47,12,0,0,1,0,32915.68,27750,0,18914.90
47,12,0,0,1,0,32915.68,27750,0,18914.90
41,16,1,0,1,0,33307.54,23274.19,0,22165.90
41,16,1,0,1,0,33307.54,23274.19,0,22165.90
41,16,1,0,1,0,33307.54,23274.19,0,22165.90
48,16,0,0,1,0,33307.54,26058.14,0,31918.89
48,16,0,0,1,0,33307.54,26058.14,0,31918.89
36,13,0,0,1,0,33307.54,28645.16,0,28372.35
49,12,0,0,1,0,33307.54,28645.16,0,32580.92
33,17,1,0,1,0,33307.54,29540.32,0,17732.72
49,14,0,0,1,0,33307.54,30435.48,0,29554.53
36,12,0,0,1,0,33307.54,30435.48,0,31032.26
50,17,0,0,1,0,33307.54,30435.48,0,25860.21
36,12,0,0,1,0,33307.54,30435.48,0,41376.34
27,16,0,0,1,0,33307.54,30435.48,0,0
52,16,0,0,1,0,33307.54,30793.55,0,28815.67
38,12,0,0,1,0,33307.54,31330.64,0,31771.12
25,14,0,0,1,0,33307.54,31330.64,0,35760.98
33,17,0,0,1,0,33307.54,31867.74,0,35465.44
30,12,0,0,1,0,33307.54,32046.77,0,37682.03
53,12,0,0,1,0,33307.54,32225.81,0,33544.39
34,12,0,0,1,0,33307.54,32583.87,0,31032.26
36,12,0,0,1,0,33307.54,33120.97,0,33987.71
42,13,0,0,1,0,33307.54,33120.97,0,44331.80
34,12,0,0,1,0,33307.54,34016.13,0,32509.98
29,17,0,0,1,0,33307.54,34016.13,0,26980.33
52,12,0,0,1,0,33307.54,34171.89,0,28667.90
42,14,0,0,1,0,33307.54,37596.77,0,48764.98
53,15,0,0,1,0,33307.54,37596.77,0,38420.89
32,13,1,0,1,0,33307.54,37596.77,0,46891.22
39,12,0,0,1,0,33307.54,39387.10,0,28076.80
28,16,0,0,1,0,33307.54,39387.10,0,34726.57
28,12,1,0,1,0,33503.46,26854.84,0,25121.35
26,14,0,0,1,0,33503.46,36032.03,0,34559.59
25,14,1,0,1,0,33699.39,17724.19,0,25121.35
52,12,0,0,1,0,33895.32,47622.58,0,39011.98
35,16,0,0,1,0,34091.24,26854.84,0,31032.26
44,12,0,0,1,0,34091.24,32046.77,0,35465.44
33,15,0,0,1,0,34091.24,34016.13,0,33248.85
29,12,0,1,1,0,34287.17,26541.53,0,39159.75
53,16,0,0,1,0,34287.17,28645.16,0,22165.90
26,16,0,0,1,0,34287.17,32225.81,0,36943.16
37,17,0,0,1,0,34287.17,35806.45,0,41376.34
45,12,0,0,1,0,34287.17,35806.45,0,31032.26
27,17,0,0,1,0,34287.17,37596.77,0,39307.53
38,12,1,0,1,0,34483.10,23632.26,0,19210.45
34,13,0,0,1,0,34483.10,31509.68,0,33396.62
34,12,0,0,1,0,34731.92,30435.48,0,39898.62
32,14,0,0,1,0,34874.95,35788.55,0,41376.34
32,12,0,0,0,0,35070.88,32225.81,0,27337.94
29,14,0,0,1,0,35266.80,16112.90,0,20688.17
38,12,1,0,1,0,35266.80,25064.52,0,36943.16
25,14,1,0,1,0,35266.80,25601.61,0,33101.07
35,12,0,0,1,0,35266.80,26854.84,0,32509.98
35,12,0,0,1,0,35266.80,26854.84,0,32509.98
31,17,0,0,1,0,35266.80,31806.87,0,62064.52
49,12,0,0,1,0,35266.80,32225.81,0,47287.25
55,12,0,0,1,0,35266.80,32225.81,0,25860.21
32,12,0,0,1,0,35266.80,32225.81,0,33987.71
46,14,0,0,1,0,35266.80,33120.97,0,33987.71
28,15,0,0,1,0,35266.80,34016.13,0,35465.44
34,16,0,0,1,0,35266.80,34016.13,0,35465.44
35,16,0,0,1,0,35266.80,34016.13,0,40489.71
34,12,0,0,1,0,35266.80,35806.45,0,36943.16
40,16,0,0,1,0,35266.80,35806.45,0,36943.16
40,16,0,0,1,0,35266.80,35806.45,0,36943.16
29,14,0,0,1,0,35266.80,37596.77,0,45809.52
45,12,0,0,1,0,35266.80,38366.61,0,38420.89
34,16,0,0,1,0,35266.80,39387.10,0,41671.89
47,12,0,0,1,0,35266.80,40103.23,0,42262.98
31,16,0,0,1,0,35266.80,41177.42,0,35465.44
53,12,1,0,1,0,35266.80,42967.74,0,35465.44
51,12,0,0,1,0,35266.80,44758.07,0,0
40,16,0,0,1,0,35266.80,44758.07,0,56153.61
27,12,0,0,1,0,35266.80,53888.71,0,14777.27
33,16,0,1,1,0,35266.80,85935.48,0,96052.23
41,16,0,0,1,0,35582.24,34016.13,0,42854.07
41,16,0,0,1,0,35582.24,34016.13,0,42854.07
33,12,0,0,1,0,35658.66,34016.13,0,32509.98
53,13,0,0,1,0,35658.66,35806.45,0,35465.44
45,12,0,0,1,0,35756.62,31509.68,0,27377.84
50,17,0,0,1,0,36050.51,37596.77,0,13299.54
37,14,0,0,1,0,36197.45,29361.29,0,21870.35
27,16,0,0,1,0,36246.44,0,0,0
27,16,0,0,1,0,36246.44,28192.21,0,40903.47
48,12,0,0,1,0,36246.44,31330.64,0,32509.98
47,12,0,0,1,0,36246.44,31796.13,0,42854.07
47,17,0,0,1,0,36246.44,34016.13,0,35465.44
33,15,0,0,1,0,36246.44,34213.07,0,35465.44
32,17,0,0,1,0,36640.25,34016.13,0,57631.34
34,14,0,0,1,0,36834.21,0,0,0
43,17,0,0,1,0,37226.07,16650,0,30441.17
31,14,0,0,1,0,37226.07,17903.23,0,25860.21
26,12,0,0,1,0,37226.07,25959.68,0,26599.08
29,14,0,0,0,0,37226.07,27284.52,0,36943.16
44,17,0,0,1,0,37226.07,32075.42,0,37386.48
36,17,0,1,1,0,37226.07,33300,0,39603.07
26,17,0,0,1,0,37226.07,34016.13,0,44331.80
28,16,0,0,1,0,37226.07,34016.13,0,35465.44
35,17,0,0,1,0,37226.07,35806.45,0,39898.62
52,12,0,0,1,0,37226.07,35831.52,0,48764.98
36,13,0,0,0,0,37226.07,36150.20,0,44308.15
28,17,0,0,1,0,37226.07,37507.26,0,38420.89
44,17,0,0,1,0,37226.07,37596.77,0,36204.30
37,13,0,0,1,0,37226.07,37596.77,0,39529.19
51,12,0,0,1,0,37226.07,38939.52,0,35465.44
50,12,0,0,1,0,37226.07,39029.03,0,36943.16
29,12,0,0,1,0,37226.07,39924.20,0,27918.69
32,17,0,0,1,0,37226.07,46548.39,0,25121.35
38,14,0,0,1,0,37226.07,50129.03,0,44331.80
47,17,0,0,1,0,37343.63,28906.55,0,35732.91
47,17,0,0,1,0,37343.63,28906.55,0,35732.91
31,17,0,0,1,0,38009.78,36705.20,0,42854.07
50,16,0,0,1,0,38205.70,34911.29,0,33987.71
39,12,0,0,1,0,38205.70,39387.10,0,43740.71
27,13,0,0,1,0,38401.63,34016.13,0,11128.76
46,16,0,0,1,0,38597.55,37596.77,0,48764.98
46,16,0,0,1,0,38597.55,37596.77,0,48764.98
33,16,0,0,1,0,38597.55,41177.42,0,42854.07
25,16,0,0,0,0,39185.34,0,0,23389.46
36,12,0,0,1,0,39185.34,15217.74,0,16254.99
39,12,0,0,1,0,39185.34,24169.36,0,23643.63
35,17,0,0,1,0,39185.34,30435.48,0,33426.18
35,17,0,0,1,0,39185.34,30435.48,0,33426.18
46,17,0,0,1,0,39185.34,31330.64,0,31298.25
31,17,0,0,1,0,39185.34,33120.97,0,47287.25
52,15,0,0,1,0,39185.34,35806.45,0,38420.89
50,16,0,0,0,0,39185.34,35806.45,0,40637.48
49,12,0,0,1,0,39185.34,35806.45,0,33987.71
53,16,0,0,1,0,39185.34,35806.45,0,51720.43
44,14,0,0,1,0,39185.34,35806.45,0,35465.44
46,16,0,0,1,0,39185.34,35806.45,0,36943.16
42,14,0,0,1,0,39185.34,36701.61,0,39898.62
43,12,0,0,1,0,39185.34,36701.61,0,45809.52
28,12,1,0,1,0,39185.34,36776.80,0,34726.57
54,15,0,0,1,0,39185.34,37471.45,0,39304.57
42,16,0,0,1,0,39185.34,37596.77,0,47287.25
34,16,0,0,1,0,39185.34,37596.77,0,39898.62
29,13,1,0,1,0,39185.34,37596.77,0,38420.89
47,16,0,0,1,0,39185.34,39387.10,0,38420.89
33,16,0,0,1,0,39185.34,39387.10,0,44331.80
40,17,0,1,1,0,39185.34,41177.42,0,33987.71
40,17,0,1,1,0,39185.34,41177.42,0,33987.71
45,14,0,0,1,0,39185.34,42538.07,0,36943.16
31,16,0,0,1,0,39185.34,42967.74,0,76841.78
32,12,0,0,1,0,39185.34,42967.74,0,41376.34
27,17,0,0,1,0,39185.34,44758.07,0,29554.53
44,17,0,0,1,0,39185.34,44758.07,0,51720.43
38,17,0,0,1,0,39185.34,48338.71,0,47287.25
27,17,0,0,0,0,40164.97,41177.42,0,44331.80
38,12,1,0,1,0,40570.54,10741.93,0,27190.17
39,17,0,0,1,0,40752.75,0,0,0
46,14,0,0,1,0,41144.60,30256.45,0,35465.44
25,17,0,0,1,0,41144.60,35806.45,0,38420.89
52,12,0,0,1,0,41144.60,37596.77,0,36943.16
35,15,0,0,1,0,41144.60,39387.10,0,35465.44
53,12,0,0,1,0,41144.60,42967.74,0,39898.62
33,16,0,0,1,0,41144.60,42967.74,0,41080.80
30,16,0,0,1,0,41144.60,42967.74,0,47287.25
51,16,0,0,1,0,41144.60,44758.07,0,48764.98
36,12,1,0,1,0,41732.38,37596.77,0,31032.26
33,13,0,0,1,0,41732.38,47264.52,0,51073.19
50,17,0,0,1,0,42124.23,0,0,70930.88
47,16,0,0,1,0,42124.23,41177.42,0,44331.80
36,14,0,0,1,0,42124.23,42072.58,0,41376.34
48,12,0,0,1,0,42124.23,42967.74,0,36943.16
48,12,0,0,1,0,42124.23,42967.74,0,36943.16
48,17,0,0,1,0,42294.69,41177.42,0,41376.34
37,17,0,0,1,0,42712.02,43862.90,0,31032.26
50,17,0,0,1,0,42907.94,44758.07,0,39898.62
34,16,0,0,1,0,43103.87,21304.84,0,20688.17
30,12,1,0,1,0,43103.87,21483.87,0,26599.08
28,16,0,0,1,0,43103.87,32225.81,0,38420.89
37,12,0,0,0,0,43103.87,32225.81,0,32509.98
46,12,0,0,1,0,43103.87,35806.45,0,31032.26
32,12,0,1,1,0,43103.87,37596.77,0,38420.89
29,12,0,0,0,0,43103.87,37596.77,0,50242.70
40,16,0,0,1,0,43103.87,39387.10,0,45809.52
44,15,0,0,1,0,43103.87,39387.10,0,51232.78
38,12,0,0,1,0,43103.87,41177.42,0,36943.16
51,12,0,0,1,0,43103.87,41356.45,0,7388.63
33,17,0,0,1,0,43103.87,43236.29,0,40415.82
31,16,0,0,0,0,43103.87,44364.20,0,54675.88
43,17,0,0,1,0,43103.87,44758.07,0,41376.34
45,16,0,0,1,0,43103.87,48338.71,0,59109.06
33,17,0,0,1,0,43566.26,42967.74,0,40785.25
25,12,0,0,1,0,43691.65,30435.48,0,33987.71
51,12,0,0,1,0,44083.50,41177.42,0,48764.98
41,17,0,0,1,0,44083.50,43862.90,0,66497.70
42,12,0,0,1,0,44475.36,47232.29,0,70930.88
37,13,0,0,1,0,45063.14,35806.45,0,27337.94
29,17,0,0,1,0,45063.14,35806.45,0,0
37,15,0,1,1,0,45063.14,39387.10,0,45809.52
46,16,0,0,1,0,45063.14,46011.29,0,42854.07
40,12,0,0,1,0,45063.14,48338.71,0,44331.80
46,17,0,0,1,0,45063.14,57290.32,0,36943.16
47,12,0,0,1,0,45063.14,62661.29,0,0
34,13,0,0,1,0,45846.84,42072.58,0,41376.34
52,17,0,0,1,0,46042.77,59080.64,0,70930.88
52,17,0,0,1,0,46042.77,59080.64,0,70930.88
50,12,0,0,1,0,47022.40,44758.07,0,8866.36
49,17,0,0,1,0,47022.40,46548.39,0,42854.07
49,17,0,0,1,0,47022.40,48338.71,0,44331.80
49,17,0,0,1,0,47022.40,48338.71,0,44331.80
53,12,0,0,1,0,47649.37,47894.71,0,50242.70
33,13,0,0,1,0,48981.67,32225.81,0,0
54,15,0,0,1,0,48981.67,35806.45,0,88663.59
54,15,0,0,1,0,48981.67,35806.45,0,88663.59
44,17,0,0,1,0,48981.67,42967.74,0,39898.62
37,17,0,0,1,0,48981.67,44758.07,0,44331.80
55,16,0,0,1,0,48981.67,46548.39,0,47878.34
55,16,0,0,1,0,48981.67,46548.39,0,47878.34
37,17,0,0,1,0,48981.67,46548.39,0,49503.84
44,14,0,0,1,0,48981.67,48338.71,0,50242.70
41,13,0,0,1,0,48981.67,48338.71,0,38420.89
39,17,0,0,1,0,48981.67,48338.71,0,51720.43
48,16,0,0,1,0,48981.67,50129.03,0,48764.98
39,17,0,0,1,0,48981.67,50129.03,0,44331.80
45,12,0,0,1,0,48981.67,50487.10,0,46548.39
26,16,0,0,1,0,48981.67,53709.68,0,45809.52
34,16,0,0,1,0,48981.67,62661.29,0,54675.88
47,16,0,0,1,0,48981.67,62741.86,0,65019.97
55,16,0,0,1,0,48981.67,71612.91,0,35110.78
37,16,0,0,1,0,49961.30,41177.42,0,39898.62
43,17,0,0,1,0,49961.30,48338.71,0,51424.89
43,16,0,0,1,0,49961.30,50129.03,0,52969.11
33,17,0,0,1,0,50940.94,39387.10,0,46105.07
29,17,1,0,1,0,50940.94,41177.42,0,39603.07
36,14,0,0,1,0,50940.94,42967.74,0,44331.80
37,17,0,0,1,0,50940.94,44758.07,0,50242.70
44,12,0,0,1,0,50940.94,44758.07,0,41376.34
42,17,0,0,0,0,50940.94,50129.03,0,48764.98
47,16,0,0,1,0,50940.94,53709.68,0,54675.88
38,13,0,0,1,0,50940.94,73403.23,0,25121.35
28,16,0,0,1,0,51920.57,48875.80,0,56153.61
44,17,0,0,1,0,51920.57,56753.23,0,53198.16
32,16,0,0,1,0,52900.20,48338.71,0,0
47,17,0,0,1,0,52900.20,49233.87,0,54675.88
28,16,0,0,1,0,52900.20,59080.64,0,36943.16
45,15,0,0,1,0,53879.84,51919.36,0,45809.52
52,16,0,0,1,0,53879.84,53709.68,0,63837.79
32,12,0,0,1,0,54859.47,39387.10,0,40878.35
33,17,0,0,1,0,54859.47,46548.39,0,76841.78
41,17,0,0,1,0,54859.47,52993.55,0,50242.70
42,16,0,0,1,0,54859.47,53709.68,0,53641.48
48,16,0,0,1,0,54859.47,53709.68,0,73886.33
48,16,0,0,1,0,54859.47,53709.68,0,73886.33
46,12,0,0,1,0,56818.74,48338.71,0,73886.33
48,14,0,0,1,0,56818.74,57290.32,0,57631.34
47,14,0,0,1,0,58778.00,26854.84,0,32509.98
36,17,0,0,1,0,58778.00,46548.39,0,56153.61
38,16,0,0,1,0,58778.00,50129.03,0,38420.89
48,17,1,0,1,0,58778.00,51842.37,0,59109.06
44,17,0,0,1,0,58778.00,53709.68,0,53198.16
38,16,0,0,1,0,58778.00,53709.68,0,41376.34
39,14,0,0,1,0,58778.00,57290.32,0,74625.20
41,17,0,0,1,0,59385.38,59438.71,0,82752.69
47,16,0,0,1,0,60737.27,60870.97,0,78319.51
47,16,0,0,1,0,60737.27,60870.97,0,78319.51
46,16,0,0,1,0,62696.54,57290.32,0,63542.24
30,13,0,0,1,0,62696.54,75193.55,0,70930.88
52,17,0,0,1,0,63676.17,60870.97,0,59109.06
40,16,0,0,1,0,66615.07,57290.32,0,66497.70
51,12,0,0,0,0,67594.70,62661.29,0,71669.74
47,17,0,0,1,0,68574.34,38670.97,0,0
53,16,0,0,1,0,68574.34,39387.10,0,67236.56
48,16,0,0,1,0,68574.34,59080.64,0,62064.52
28,15,0,0,1,0,68574.34,62661.29,0,66497.70
42,17,0,0,1,0,68574.34,64451.61,0,62064.52
47,16,0,0,1,0,68574.34,71612.91,0,73886.33
50,14,0,0,1,0,70533.60,29540.32,0,51720.43
49,12,0,0,1,0,72492.88,71433.87,0,0
48,15,0,0,1,0,73472.51,71612.91,0,85708.14
51,17,0,0,1,0,74452.14,0,0,0
32,17,0,0,1,0,76411.41,64451.61,0,99007.68
47,16,0,0,1,0,78370.67,78774.20,0,97677.73
37,17,0,0,1,0,82289.20,85040.32,0,110829.49
55,17,0,0,1,0,88167.01,98467.74,0,88663.59
49,16,0,0,1,0,94044.80,98467.74,0,73886.33
50,16,0,0,1,0,97963.34,34016.13,0,33987.71
28,16,0,0,1,0,97963.34,89516.13,0,70930.88
42,16,0,0,1,0,103841.14,93096.77,0,100485.41
45,12,0,0,1,0,137148.69,156653.23,0,88663.59
54,3,1,0,0,1,0,0,0,221.66
54,3,1,0,1,1,0,0,0,0
54,3,1,0,1,1,0,0,0,0
54,3,1,0,1,1,0,0,0,0
53,4,1,0,0,1,0,0,0,0
51,4,1,0,1,1,0,0,0,0
51,5,1,0,0,1,0,0,0,0
46,6,1,0,1,1,0,0,0,0
53,6,0,0,1,1,0,0,0,0
41,6,1,0,1,1,0,0,0,0
45,7,1,0,1,1,0,0,0,11821.81
53,7,0,1,0,1,0,0,0,0
47,8,0,0,0,1,0,0,0,0
55,8,1,0,1,1,0,0,0,0
55,8,0,0,1,1,0,0,0,0
53,8,1,0,1,1,0,0,0,0
41,8,0,0,1,1,0,0,0,0
45,8,0,0,1,1,0,0,0,0
45,9,1,0,1,1,0,0,0,0
46,9,0,1,1,1,0,0,0,0
48,9,0,0,1,1,0,0,0,0
46,9,0,1,1,1,0,0,0,0
45,9,1,0,1,1,0,0,0,0
54,9,0,0,1,1,0,0,0,0
23,9,1,0,0,1,0,0,0,218.70
40,10,0,1,1,1,0,0,0,0
54,10,1,0,1,1,0,0,0,0
54,10,1,0,1,1,0,0,0,0
25,11,1,0,0,1,0,0,0,3694.32
41,11,0,0,1,1,0,0,0,14481.72
23,11,1,0,0,1,0,0,0,0
23,11,1,0,0,1,0,0,0,0
52,8,0,0,1,1,0,0,0,0
45,9,0,0,1,1,0,0,0,0
40,8,0,0,1,1,0,0,0,0
37,10,0,0,1,1,0,0,0,0
48,11,0,0,1,1,0,0,0,11821.81
36,9,0,0,1,1,0,0,0,0
40,7,0,0,1,1,0,0,0,8866.36
40,7,0,0,1,1,0,0,0,8866.36
38,11,0,0,1,1,0,0,0,0
53,7,0,0,1,1,0,0,0,0
52,10,1,0,1,1,0,0,0,0
52,7,0,0,1,1,0,0,0,0
43,9,1,0,1,1,0,0,0,0
54,4,1,0,1,1,0,0,0,0
46,6,0,0,1,1,0,0,0,0
40,8,0,0,1,1,0,0,0,0
53,8,0,0,1,1,0,0,0,0
50,11,0,0,1,1,0,0,0,10344.09
33,11,0,0,1,1,0,0,0,0
33,11,0,0,1,1,0,0,0,0
52,8,0,0,1,1,0,0,0,0
49,4,1,0,1,1,0,0,0,0
50,8,0,0,1,1,0,0,0,0
41,8,0,0,1,1,0,0,0,7093.09
53,9,0,0,1,1,0,0,0,0
48,11,0,0,0,1,0,0,0,0
31,9,0,0,1,1,0,0,0,0
42,8,0,0,1,1,0,0,0,0
54,10,0,0,1,1,0,0,0,0
50,10,0,0,1,1,0,0,0,0
48,6,0,1,1,1,0,0,0,0
22,9,0,0,1,1,0,0,0,16846.08
41,8,0,0,1,1,0,0,0,0
41,8,0,0,1,1,0,0,0,0
45,9,0,0,1,1,0,313.31,0,4063.75
21,8,1,0,0,1,0,895.16,0,2305.25
46,8,0,0,1,1,0,8951.61,0,0
46,8,0,0,1,1,0,8951.61,0,0
21,11,1,0,0,1,0,9846.77,0,5615.36
53,8,0,0,1,1,0,14322.58,0,0
53,6,0,0,1,1,0,17187.10,0,45809.52
34,11,0,0,1,1,0,19693.55,0,14777.27
49,9,0,0,1,1,0,21483.87,0,69453.15
28,11,0,0,1,1,0,62661.29,0,118218.13
43,3,1,0,1,1,17.63,0,0,0
52,6,1,0,1,1,235.11,1246.06,0,1477.73
54,8,0,0,1,1,293.89,537.10,0,295.55
52,7,1,0,0,1,293.89,5012.90,0,0
29,11,1,0,1,1,783.71,0,0,23643.63
37,9,0,0,0,1,940.45,3544.84,0,1152.63
38,2,0,0,0,1,1077.60,6266.13,0,2955.45
20,10,0,0,0,1,1381.28,3523.35,0,9309.68
31,6,1,0,0,1,1410.67,555,0,16059.93
23,10,1,0,0,1,1469.45,5370.97,0,0
19,11,1,0,0,1,1567.41,0,0,0
20,11,0,0,1,1,1567.41,3222.58,0,2955.45
35,9,1,0,0,1,1567.41,5370.97,0,5910.91
21,10,1,0,0,1,1567.41,8145.97,0,8275.27
41,8,1,0,1,1,1716.32,8378.71,0,7388.63
41,8,1,0,1,1,1716.32,8378.71,0,7388.63
42,8,0,0,1,1,1763.34,0,0,8866.36
42,8,0,0,1,1,1763.34,0,0,8866.36
20,8,1,0,0,1,1880.90,3652.26,0,1018.15
30,9,1,0,0,1,1959.27,162.92,0,16809.14
29,10,1,0,0,1,2037.64,2685.48,0,0
22,11,1,0,0,1,2351.12,0,0,879.25
25,10,1,0,0,1,2838.98,5370.97,0,11437.60
20,8,1,0,0,1,2938.90,1838.66,0,1226.51
55,7,0,0,0,1,2938.90,8342.90,0,0
20,10,0,0,0,1,2938.90,8951.61,0,10344.09
40,4,1,0,0,1,2962.41,1933.55,0,1034.41
52,0,0,0,1,1,3134.83,0,0,295.55
22,9,1,0,0,1,3134.83,4345.11,0,13299.54
24,10,1,0,0,1,3152.46,3902.90,0,7447.74
19,11,0,0,0,1,3221.03,12532.26,0,14777.27
51,7,0,0,1,1,3291.57,8951.61,0,0
19,6,1,0,0,1,3526.68,0,0,0
50,10,1,0,1,1,3526.68,0,0,0
23,11,0,1,0,1,3526.68,2685.48,0,8127.50
38,3,1,0,1,1,3722.61,5729.03,0,17732.72
38,3,1,0,1,1,3722.61,5729.03,0,17732.72
20,11,0,0,0,1,3844.08,9846.77,0,13299.54
43,10,1,0,1,1,3918.53,2148.39,0,0
30,6,1,0,1,1,3918.53,3401.61,0,4433.18
35,10,1,0,1,1,3918.53,3795.48,0,7802.40
35,10,1,0,1,1,3918.53,3795.48,0,7802.40
35,10,1,0,1,1,3918.53,3795.48,0,7802.40
40,10,0,0,1,1,3918.53,4833.87,0,7248.25
44,11,1,0,1,1,3918.53,5370.97,0,2955.45
23,10,1,0,0,1,3918.53,7161.29,0,6649.77
41,8,1,0,1,1,3918.53,11171.61,0,5910.91
39,5,1,0,1,1,4051.76,13427.42,0,14629.49
39,5,1,0,1,1,4051.76,13427.42,0,14629.49
39,5,1,0,1,1,4051.76,13427.42,0,14629.49
25,11,1,0,0,1,4055.68,11637.10,0,0
19,11,0,0,0,1,4114.46,4654.84,0,8570.81
23,6,0,0,1,1,4114.46,7161.29,0,8127.50
38,9,1,0,1,1,4228.10,7941.87,0,11245.50
50,9,1,0,1,1,4333.90,7469.23,0,6383.78
18,11,0,0,0,1,4351.53,32270.56,0,2364.36
22,11,1,0,1,1,4449.50,6187.35,0,14570.38
19,10,1,0,0,1,4702.24,3437.42,0,2364.36
25,10,1,0,1,1,4702.24,4282.45,0,4947.43
47,6,1,0,1,1,4702.24,4296.77,0,13481.30
47,4,0,0,1,1,4702.24,8593.55,0,24641.09
51,7,0,0,1,1,4702.24,8951.61,0,11082.95
19,9,0,0,1,1,4858.98,6087.10,0,10639.63
24,8,1,0,1,1,4898.17,5370.97,0,8127.50
19,10,0,0,0,1,5094.09,4296.77,0,14777.27
44,11,1,0,0,1,5172.46,6266.13,0,0
52,8,0,0,1,1,5290.02,0,0,6797.54
20,9,0,0,1,1,5387.98,8951.61,0,13299.54
24,11,1,0,1,1,5427.17,0,0,1329.95
19,11,1,0,1,1,5485.95,7590.97,0,11348.94
22,11,1,0,0,1,5485.95,13427.42,0,8866.36
30,6,1,0,1,1,5681.87,0,0,0
50,10,1,0,1,1,5681.87,0,0,0
20,8,0,0,0,1,5681.87,3584.23,0,7240.86
26,8,1,0,1,1,5681.87,4296.77,0,7093.09
46,6,1,0,0,1,5838.62,9678.48,0,7873.33
38,10,1,0,1,1,5877.80,0,0,0
25,8,0,0,1,1,5877.80,0,0,8866.36
24,9,1,0,0,1,5877.80,5370.97,0,13299.54
55,3,1,0,1,1,5877.80,5370.97,0,4137.63
40,5,1,0,1,1,5877.80,5370.97,0,22165.90
25,9,1,0,1,1,5877.80,6266.13,0,12560.68
43,7,1,0,1,1,5877.80,6815.76,0,295.55
18,11,1,0,0,1,5877.80,6932.13,0,9457.45
28,7,1,0,1,1,5877.80,8142.39,0,1477.73
52,4,1,0,1,1,5877.80,11637.10,0,22165.90
22,8,1,0,1,1,5877.80,12030.97,0,857.08
34,7,1,0,1,1,5877.80,12532.26,0,14777.27
25,9,0,0,0,1,5877.80,13427.42,0,12117.36
43,10,0,0,1,1,5877.80,17903.23,0,20688.17
31,9,1,0,1,1,6024.75,5621.61,0,10196.31
27,8,1,0,0,1,6269.65,6624.19,0,7388.63
22,11,0,0,1,1,6442.07,5818.55,0,2216.59
32,11,1,0,1,1,6524.36,0,0,930.97
49,5,1,0,0,1,6583.14,5729.03,0,12560.68
55,8,0,0,1,1,6661.51,3820.55,0,4255.85
20,11,0,0,1,1,6661.51,5370.97,0,1182.18
33,8,1,0,1,1,6661.51,8579.23,0,9169.29
22,11,0,0,1,1,6802.57,1790.32,0,7388.63
26,8,1,0,1,1,6857.43,3580.65,0,1994.93
20,10,1,0,1,1,6857.43,6831.87,0,9457.45
45,2,0,1,1,1,6857.43,7161.29,0,4433.18
45,8,1,0,1,1,6857.43,9537.05,0,9408.69
33,11,1,0,1,1,6857.43,11637.10,0,0
41,3,1,0,1,1,6990.66,3222.58,0,9497.35
25,7,1,0,1,1,7131.73,10741.93,0,8866.36
35,11,1,0,1,1,7335.50,8557.74,0,7388.63
35,11,1,0,1,1,7335.50,8557.74,0,7388.63
29,10,0,0,1,1,7347.25,0,0,0
41,4,1,0,0,1,7494.20,5370.97,0,5910.91
36,6,1,0,0,1,7494.20,7447.74,0,4433.18
52,5,1,0,1,1,7523.58,4296.77,0,2216.59
52,5,1,0,1,1,7523.58,4296.77,0,2216.59
41,10,0,1,1,1,7562.77,9134.23,0,11821.81
29,10,1,0,1,1,7641.14,8122.69,0,5910.91
42,10,1,0,0,1,7837.07,1718.71,0,0
22,11,1,0,1,1,7837.07,5012.90,0,3694.32
27,11,1,0,1,1,7837.07,5370.97,0,7388.63
42,5,1,0,1,1,7837.07,7161.29,0,14777.27
42,5,1,0,1,1,7837.07,7161.29,0,14777.27
49,5,0,0,1,1,7837.07,8056.45,0,11821.81
28,9,1,0,1,1,7837.07,8235.48,0,8718.59
45,9,1,0,1,1,7837.07,8951.61,0,8866.36
45,6,1,0,1,1,7837.07,8951.61,0,9605.22
39,8,0,0,1,1,7837.07,9846.77,0,0
34,9,1,0,1,1,7837.07,11211,0,12037.56
22,11,0,0,1,1,7837.07,13964.52,0,15072.81
32,10,0,0,1,1,7837.07,16112.90,0,11082.95
49,5,1,0,1,1,7944.83,7698.39,0,11993.23
27,7,1,0,1,1,7954.62,7161.29,0,5910.91
21,11,1,0,1,1,8032.99,4848.19,0,8570.81
40,11,0,0,1,1,8072.18,0,0,1477.73
26,8,0,0,1,1,8150.55,7447.74,0,9900.77
33,10,0,0,1,1,8272.02,2619.24,0,0
54,6,1,0,1,1,8354.31,0,0,0
40,9,1,0,1,1,8424.85,6572.27,0,8866.36
27,8,0,0,1,1,8424.85,7698.39,0,15072.81
41,5,1,0,1,1,8424.85,10741.93,0,8689.03
29,10,1,0,1,1,8464.03,8325,0,23643.63
29,10,1,0,1,1,8659.96,10892.32,0,51.72
26,10,1,0,1,1,8816.70,0,0,7388.63
25,10,0,1,1,1,8816.70,8056.45,0,13299.54
40,8,1,0,1,1,8816.70,8056.45,0,7184.71
40,7,1,0,1,1,8816.70,8951.61,0,11821.81
49,7,1,0,0,1,8816.70,11270.08,0,8969.80
46,9,0,0,1,1,8816.70,14322.58,0,13299.54
50,8,1,0,1,1,8985.20,9846.77,0,9102.80
24,8,1,0,1,1,9008.71,13033.55,0,16254.99
23,9,0,0,1,1,9012.63,0,0,14777.27
24,10,1,0,1,1,9012.63,6624.19,0,8955.02
20,10,0,1,1,1,9208.55,8951.61,0,16254.99
30,11,1,0,1,1,9228.15,8808.39,0,17881.97
47,4,0,0,1,1,9355.50,20884.11,0,20512.32
26,10,1,0,1,1,9404.48,4923.39,0,17732.72
50,5,1,0,1,1,9404.48,10136.81,0,9266.82
49,11,0,0,1,1,9404.48,11637.10,0,9457.45
27,10,0,0,1,1,9404.48,11812.55,0,11821.81
28,8,0,0,1,1,9404.48,14322.58,0,12560.68
22,10,1,0,1,1,9717.96,9023.23,0,13299.54
40,7,1,0,1,1,9737.56,8674.11,0,9221.01
52,5,1,0,1,1,9796.33,1074.19,0,0
34,10,0,0,1,1,9796.33,2327.42,0,26599.08
38,7,0,0,1,1,9796.33,5370.97,0,11821.81
49,5,1,0,1,1,9796.33,5370.97,0,0
20,10,1,0,1,1,9796.33,5370.97,0,7388.63
44,5,1,0,1,1,9796.33,8951.61,0,8866.36
34,9,1,0,1,1,9796.33,8951.61,0,10344.09
46,9,1,0,0,1,9796.33,9309.68,0,8866.36
47,4,1,0,0,1,9796.33,10741.93,0,5910.91
24,11,1,0,1,1,9796.33,10741.93,0,13299.54
39,5,1,0,1,1,9796.33,10741.93,0,19210.45
32,11,1,0,0,1,9796.33,14322.58,0,886.64
43,11,0,0,1,1,9796.33,21483.87,0,22165.90
24,11,0,0,1,1,9796.33,24885.48,0,25121.35
37,7,0,0,1,1,9796.33,29719.36,0,5172.04
23,11,1,0,1,1,9980.50,6266.13,0,10344.09
21,11,0,1,1,1,9992.26,4114.16,0,17732.72
39,11,1,0,1,1,9992.26,11637.10,0,7260.07
27,6,0,0,1,1,9992.26,11637.10,0,13299.54
41,10,1,0,1,1,10090.22,14757.63,0,9753.00
32,10,1,0,0,1,10188.19,8951.61,0,0
40,5,1,0,1,1,10188.19,12174.19,0,0
37,11,1,0,1,1,10188.19,13964.52,0,13299.54
37,11,1,0,1,1,10188.19,13964.52,0,13299.54
50,11,1,0,0,1,10188.19,17903.23,0,14777.27
47,8,0,1,1,1,10286.15,7161.29,0,1477.73
29,10,1,0,1,1,10384.11,7304.52,0,11501.15
19,10,0,0,1,1,10431.14,6982.26,0,9753.00
44,6,0,0,1,1,10450.73,13427.42,0,17023.41
28,7,1,0,1,1,10487.96,8260.55,0,8127.50
25,10,0,0,1,1,10580.04,8647.26,0,8866.36
39,9,1,0,1,1,10580.04,9667.74,0,11821.81
39,9,1,0,1,1,10580.04,9667.74,0,11821.81
34,8,1,0,1,1,10580.04,12532.26,0,19210.45
39,7,0,0,1,1,10580.04,17545.16,0,0
53,7,1,0,1,1,10583.96,17525.47,0,15926.94
53,7,1,0,1,1,10583.96,17525.47,0,15926.94
28,8,0,0,1,1,10678.00,10382.08,0,15146.70
49,10,1,0,1,1,10775.97,0,0,5319.82
49,10,1,0,1,1,10775.97,0,0,5319.82
47,6,1,0,1,1,10775.97,8056.45,0,0
30,9,1,0,1,1,10775.97,8951.61,0,16254.99
31,9,1,0,1,1,10775.97,8951.61,0,5910.91
29,8,0,0,1,1,10775.97,8951.61,0,9605.22
44,7,1,0,1,1,10775.97,10741.93,0,1078.74
19,10,0,0,1,1,10775.97,14322.58,0,23643.63
42,6,0,1,1,1,10775.97,22558.06,0,11821.81
54,10,0,0,1,1,10775.97,32225.81,0,19210.45
48,10,1,0,1,1,10785.76,5370.97,0,14895.48
27,11,1,0,1,1,10897.44,3938.71,0,7684.18
22,11,1,0,0,1,10971.89,7161.29,0,7675.31
33,10,0,0,1,1,10971.89,12174.19,0,24825.81
37,8,0,0,1,1,10971.89,13427.42,0,14777.27
22,11,1,0,0,1,11069.86,5191.94,0,9605.22
21,11,0,0,0,1,11167.82,5370.97,0,13151.77
23,9,0,0,1,1,11167.82,11995.16,0,11891.27
35,8,0,0,1,1,11167.82,18796.60,0,13299.54
31,8,0,0,1,1,11167.82,19335.48,0,20688.17
26,6,1,0,1,1,11461.71,9807.39,0,7979.72
22,9,1,0,1,1,11708.58,10419.68,0,9079.15
33,6,1,0,1,1,11739.93,5958.19,0,9788.46
27,9,0,0,1,1,11749.72,2327.42,0,19210.45
34,11,1,0,0,1,11755.60,2148.39,0,15516.13
23,11,1,0,1,1,11755.60,5818.55,0,10048.54
25,9,1,0,0,1,11755.60,7161.29,0,6649.77
28,9,1,0,1,1,11755.60,7161.29,0,11821.81
46,10,0,0,1,1,11755.60,7161.29,0,10166.76
46,10,0,0,1,1,11755.60,7161.29,0,10166.76
53,2,0,0,1,1,11755.60,8593.55,0,0
48,8,0,0,1,1,11755.60,8844.19,0,3073.67
48,8,0,0,1,1,11755.60,8844.19,0,3073.67
35,11,1,0,1,1,11755.60,8951.61,0,0
29,10,1,0,1,1,11755.60,9780.53,0,8866.36
43,9,0,0,1,1,11755.60,10741.93,0,10344.09
42,8,1,0,1,1,11755.60,10741.93,0,11821.81
47,11,1,0,1,1,11755.60,10741.93,0,14260.06
34,10,0,0,1,1,11755.60,12174.19,0,11821.81
39,10,1,0,0,1,11755.60,12532.26,0,25248.44
43,8,1,0,1,1,11755.60,12532.26,0,12930.11
43,8,1,0,1,1,11755.60,12532.26,0,12930.11
28,10,1,0,1,1,11755.60,15217.74,0,10639.63
47,11,1,0,1,1,11755.60,16053.82,0,0
45,0,0,1,1,1,11755.60,16112.90,0,10344.09
53,4,1,0,1,1,11892.75,8951.61,0,10344.09
54,4,1,0,0,1,11933.89,10965.73,0,11821.81
41,9,0,0,1,1,11951.53,12890.32,0,8718.59
44,7,1,0,1,1,11967.20,14566.07,0,14147.75
51,8,0,0,1,1,11986.79,1546.84,0,0
26,10,0,0,0,1,12000.51,14322.58,0,17732.72
53,4,0,0,1,1,12039.70,2660.42,0,7388.63
30,9,0,0,1,1,12178.80,11493.87,0,12847.36
54,3,1,0,1,1,12225.83,9606.87,0,11821.81
53,8,0,0,1,1,12235.62,0,0,7240.86
34,10,1,0,1,1,12343.38,11637.10,0,9900.77
48,5,1,0,1,1,12343.38,13606.45,0,13323.18
45,11,0,0,1,1,12382.57,21483.87,0,0
45,11,0,0,1,1,12382.57,21483.87,0,0
49,6,0,1,1,1,12539.31,16470.97,0,13595.08
49,6,0,1,1,1,12539.31,16470.97,0,13595.08
22,11,1,0,1,1,12539.31,21483.87,0,13299.54
25,10,1,0,1,1,12696.05,8951.61,0,14777.27
37,11,0,0,1,1,12735.23,0,0,0
33,9,0,0,1,1,12735.23,6266.13,0,8866.36
33,9,0,0,1,1,12735.23,6266.13,0,8866.36
20,11,0,0,1,1,12735.23,7161.29,0,14038.40
44,8,0,0,1,1,12735.23,10312.26,0,12412.90
53,6,1,0,1,1,12735.23,10741.93,0,13299.54
31,6,1,0,0,1,12735.23,10741.93,0,5910.91
28,9,0,0,1,1,12735.23,12532.26,0,17732.72
25,11,0,0,1,1,12735.23,21483.87,0,8204.34
50,6,1,0,1,1,13033.04,4092.68,0,0
35,7,0,0,1,1,13127.09,12711.29,0,13447.31
35,7,0,0,1,1,13127.09,12711.29,0,13447.31
31,11,1,0,1,1,13127.09,14859.68,0,16254.99
21,9,1,0,0,1,13127.09,16327.74,0,8866.36
36,11,1,0,1,1,13140.80,12532.26,0,12811.89
40,10,1,0,1,1,13244.64,19693.55,0,17732.72
30,8,0,0,1,1,13303.42,17903.23,0,14333.95
44,9,1,0,1,1,13366.12,14644.84,0,12435.07
41,9,0,0,1,1,13518.94,13964.52,0,17732.72
40,10,0,0,0,1,13616.90,10741.93,0,15368.36
20,11,0,0,0,1,13714.87,6194.52,0,14777.27
19,11,0,0,1,1,13714.87,6416.52,0,27781.26
39,7,0,0,1,1,13714.87,6624.19,0,0
46,8,1,0,1,1,13714.87,7089.68,0,0
22,11,0,0,1,1,13714.87,8593.55,0,8866.36
37,11,0,0,1,1,13714.87,9259.55,0,0
48,6,1,0,0,1,13714.87,11637.10,0,10604.17
52,10,0,0,1,1,13714.87,12174.19,0,23643.63
50,7,1,0,1,1,13714.87,12532.26,0,16254.99
50,7,1,0,1,1,13714.87,12532.26,0,16254.99
26,11,1,0,1,1,13714.87,13248.39,0,11082.95
31,11,0,0,1,1,13714.87,13785.48,0,20688.17
21,10,0,0,1,1,13714.87,14080.89,0,7249.73
52,8,0,0,1,1,13714.87,14322.58,0,8748.14
30,10,1,0,0,1,13714.87,14322.58,0,2364.36
20,11,0,0,0,1,13714.87,14322.58,0,36943.16
52,5,0,0,1,1,13714.87,14322.58,0,14777.27
45,3,0,1,1,1,13714.87,16112.90,0,23643.63
46,10,1,0,1,1,13714.87,16112.90,0,15522.04
32,7,0,0,1,1,13714.87,17008.06,0,19613.87
50,7,1,0,1,1,13714.87,17903.23,0,16254.99
28,6,0,0,1,1,13734.46,6395.03,0,10048.54
33,10,1,0,0,1,13754.05,13964.52,0,16905.19
53,5,1,0,1,1,14008.76,2660.42,0,11082.95
44,9,0,0,1,1,14051.86,13905.43,0,16373.21
28,11,0,0,1,1,14106.72,10741.93,0,20392.63
53,8,0,0,1,1,14106.72,14322.58,0,14843.76
53,7,0,0,1,1,14106.72,14322.58,0,13299.54
52,4,0,0,1,1,14106.72,15074.52,0,14422.61
23,11,0,1,1,1,14263.46,8414.52,0,26599.08
25,9,0,0,1,1,14263.46,12890.32,0,16254.99
54,8,0,1,1,1,14302.65,0,0,8866.36
54,8,0,1,1,1,14302.65,0,0,8866.36
40,10,0,0,1,1,14302.65,24169.36,0,21427.04
40,10,0,0,1,1,14302.65,24169.36,0,21427.04
21,11,0,0,1,1,14400.61,11458.07,0,0
51,8,0,0,1,1,14465.27,21752.42,0,0
24,10,1,0,1,1,14482.90,10741.93,0,11821.81
46,8,0,0,1,1,14498.57,10741.93,0,14186.17
55,3,1,0,1,1,14547.56,13463.23,0,10344.09
41,10,1,0,0,1,14678.83,15253.55,0,11821.81
25,11,1,0,1,1,14694.50,6624.19,0,7107.86
39,8,0,0,1,1,14694.50,12532.26,0,16254.99
19,8,0,0,1,1,14694.50,12532.26,0,18539.56
23,11,1,0,1,1,14694.50,13427.42,0,17732.72
49,10,0,0,1,1,14694.50,14322.58,0,8423.04
38,11,0,0,1,1,14694.50,14322.58,0,28076.80
42,11,1,0,0,1,14694.50,15217.74,0,11821.81
24,11,0,0,1,1,14694.50,15575.81,0,14777.27
36,7,1,0,1,1,14694.50,15754.84,0,19210.45
39,6,1,0,1,1,14694.50,16470.97,0,28076.80
20,11,0,0,1,1,14694.50,17008.06,0,0
31,10,0,0,1,1,14890.43,12532.26,0,16254.99
29,9,0,0,1,1,14890.43,19693.55,0,25860.21
53,9,1,0,1,1,14945.29,13697.76,0,14186.17
45,4,0,0,1,1,15004.07,13586.76,0,17686.91
28,9,0,0,0,1,15086.35,13248.39,0,19210.45
53,8,1,0,1,1,15086.35,15649.21,0,12921.24
43,3,0,0,1,1,15086.35,15933.87,0,14038.40
50,7,0,0,1,1,15160.81,15933.87,0,17732.72
50,7,0,0,1,1,15160.81,15933.87,0,17732.72
31,8,1,0,1,1,15176.48,10851.14,0,19605.00
34,11,0,0,1,1,15184.32,0,0,19210.45
46,8,0,0,0,1,15282.28,13158.87,0,10048.54
20,9,0,0,1,1,15282.28,15933.87,0,20614.29
30,9,0,0,1,1,15478.21,7877.42,0,8866.36
34,6,0,1,1,1,15478.21,16112.90,0,16254.99
27,9,0,0,1,1,15478.21,16470.97,0,15516.13
19,11,1,0,0,1,15587.93,10741.93,0,0
49,8,0,1,0,1,15674.13,1074.19,0,0
31,11,1,0,0,1,15674.13,4316.47,0,7093.09
25,11,1,0,0,1,15674.13,6982.26,0,13890.63
23,11,1,0,1,1,15674.13,8414.52,0,8866.36
18,10,0,1,1,1,15674.13,10741.93,0,20688.17
34,10,1,0,0,1,15674.13,12532.26,0,25121.35
46,4,0,0,1,1,15674.13,14322.58,0,8866.36
46,7,0,0,1,1,15674.13,14680.64,0,9605.22
53,6,0,0,1,1,15674.13,15217.74,0,14777.27
54,7,0,0,1,1,15674.13,16112.90,0,18841.01
37,9,1,0,1,1,15674.13,16112.90,0,19210.45
24,9,0,0,1,1,15674.13,16112.90,0,36943.16
53,6,1,0,1,1,15674.13,16112.90,0,9974.65
21,10,0,0,1,1,15674.13,16112.90,0,20141.41
35,10,1,0,1,1,15674.13,16470.97,0,23643.63
54,2,1,0,1,1,15674.13,16990.16,0,18096.24
43,10,0,0,1,1,15674.13,17903.23,0,19709.92
46,8,0,0,1,1,15674.13,17903.23,0,17732.72
35,11,1,0,1,1,15674.13,17903.23,0,0
50,8,0,0,1,1,15674.13,18109.11,0,17437.17
47,10,0,0,1,1,15674.13,19693.55,0,22165.90
47,10,0,0,1,1,15674.13,19693.55,0,22165.90
21,9,0,0,1,1,15674.13,19693.55,0,1773.27
18,10,0,0,1,1,15674.13,21483.87,0,24973.58
37,8,0,0,1,1,15674.13,26317.74,0,36943.16
41,7,1,0,1,1,15674.13,32225.81,0,11082.95
31,11,0,0,1,1,15870.06,15602.66,0,17732.72
35,10,0,0,1,1,15921.00,16148.71,0,16606.69
51,8,1,0,1,1,15987.62,5800.65,0,0
30,7,1,0,1,1,15995.45,15387.82,0,13151.77
30,11,0,0,1,1,16065.99,17989.16,0,23052.54
30,11,0,0,1,1,16065.99,17989.16,0,23052.54
53,4,1,0,1,1,16142.40,984.68,0,0
24,10,0,0,1,1,16144.36,20767.74,0,22904.76
48,8,1,0,1,1,16261.91,11637.10,0,5172.04
48,8,1,0,1,1,16261.91,11637.10,0,5172.04
47,6,1,0,1,1,16261.91,14412.10,0,14260.06
45,4,0,1,1,1,16261.91,28108.06,0,28076.80
47,8,1,0,1,1,16301.10,17129.81,0,17732.72
47,8,1,0,1,1,16301.10,17129.81,0,17732.72
31,11,1,0,1,1,16453.92,19693.55,0,14777.27
46,8,0,0,1,1,16457.84,16112.90,0,16254.99
22,11,0,0,0,1,16653.77,3759.68,0,0
21,11,0,0,1,1,16653.77,13427.42,0,10344.09
33,10,0,0,1,1,16653.77,16112.90,0,12560.68
28,9,0,0,1,1,16653.77,17158.45,0,17957.33
20,10,0,0,1,1,16849.70,11995.16,0,17880.49
47,11,0,0,1,1,16928.06,15409.31,0,17732.72
23,11,0,0,1,1,17045.62,11986.21,0,5910.91
35,10,1,0,0,1,17045.62,14322.58,0,16846.08
25,7,1,0,0,1,17045.62,16137.97,0,11821.81
23,11,1,0,1,1,17116.15,10741.93,0,8866.36
31,8,0,0,1,1,17241.55,15754.84,0,16210.66
55,8,1,0,1,1,17241.55,17903.23,0,16254.99
33,11,1,0,1,1,17370.86,15844.36,0,14753.62
31,9,1,0,0,1,17437.47,13427.42,0,11326.77
34,7,0,0,0,1,17619.69,20481.29,0,19432.10
22,11,0,0,1,1,17633.40,0,0,13299.54
21,9,0,0,1,1,17633.40,3202.89,0,3251.00
42,8,1,0,0,1,17633.40,10562.90,0,0
46,10,0,1,1,1,17633.40,10741.93,0,5910.91
23,9,1,0,1,1,17633.40,12532.26,0,14777.27
33,8,0,0,1,1,17633.40,12890.32,0,22165.90
43,11,1,0,1,1,17633.40,14322.58,0,17732.72
43,11,1,0,1,1,17633.40,14322.58,0,17732.72
29,8,0,0,1,1,17633.40,16112.90,0,11821.81
35,9,0,0,1,1,17633.40,16112.90,0,17732.72
50,9,1,0,1,1,17633.40,16112.90,0,16254.99
18,9,0,0,1,1,17633.40,16112.90,0,17584.95
44,11,0,0,1,1,17633.40,16470.97,0,14555.61
34,6,0,0,1,1,17633.40,17903.23,0,4876.50
26,8,0,0,1,1,17633.40,18440.32,0,886.64
47,10,0,0,1,1,17633.40,19693.55,0,30884.48
25,11,1,0,1,1,17633.40,21483.87,0,26599.08
44,8,1,0,1,1,17633.40,21483.87,0,19210.45
36,10,1,0,0,1,17633.40,21483.87,0,17732.72
40,2,1,0,1,1,17645.16,13427.42,0,8866.36
46,11,0,0,1,1,17684.34,16112.90,0,19210.45
44,5,1,0,1,1,17688.26,17903.23,0,19210.45
38,9,0,0,1,1,17829.33,7877.42,0,20688.17
54,11,0,0,1,1,17829.33,15754.84,0,18102.15
32,8,0,0,1,1,17829.33,21483.87,0,20688.17
23,10,0,0,1,1,17829.33,21483.87,0,23643.63
46,11,1,0,1,1,17868.51,17903.23,0,13326.14
44,11,1,0,1,1,17929.25,18588.92,0,19210.45
41,10,1,0,1,1,18025.26,17366.13,0,21427.04
44,8,0,0,1,1,18025.26,18798.39,0,28076.80
36,11,1,0,1,1,18025.26,21483.87,0,26599.08
23,8,0,0,1,1,18221.18,25073.47,0,12117.36
20,9,0,0,1,1,18285.84,20767.74,0,23643.63
46,3,1,0,1,1,18319.14,14322.58,0,19949.31
36,10,1,0,1,1,18417.11,16112.90,0,22165.90
40,10,0,0,1,1,18417.11,17903.23,0,20688.17
40,10,0,0,1,1,18417.11,17903.23,0,20688.17
27,8,1,0,1,1,18417.11,22916.13,0,31032.26
24,11,1,0,0,1,18613.04,20230.64,0,31032.26
34,11,1,0,1,1,18808.96,17903.23,0,14777.27
47,10,0,0,1,1,19004.89,17903.23,0,21722.58
47,10,0,0,1,1,19004.89,17903.23,0,21722.58
49,4,0,0,1,1,19200.81,7161.29,0,2955.45
35,9,0,0,1,1,19200.81,17706.29,0,8866.36
33,9,1,0,1,1,19396.74,16112.90,0,19210.45
51,11,0,0,1,1,19592.67,6982.26,0,26599.08
33,10,0,0,1,1,19592.67,10741.93,0,26599.08
20,7,1,0,1,1,19592.67,11637.10,0,14777.27
36,8,0,1,1,1,19592.67,11995.16,0,16993.86
36,8,0,1,1,1,19592.67,11995.16,0,16993.86
28,11,1,0,1,1,19592.67,12890.32,0,7130.03
44,6,1,0,1,1,19592.67,14322.58,0,5615.36
22,10,0,0,1,1,19592.67,15217.74,0,0
50,10,0,0,1,1,19592.67,15933.87,0,29554.53
52,9,0,0,1,1,19592.67,16112.90,0,24045.57
25,5,1,0,1,1,19592.67,16650,0,28076.80
52,8,0,0,1,1,19592.67,17903.23,0,17289.40
38,8,0,0,1,1,19592.67,17903.23,0,30207.69
53,7,0,0,1,1,19592.67,19693.55,0,22165.90
38,8,0,0,1,1,19592.67,19693.55,0,23643.63
38,8,0,0,1,1,19592.67,19693.55,0,23643.63
22,11,0,0,1,1,19592.67,20588.71,0,27929.03
41,9,0,0,1,1,19592.67,21483.87,0,20303.96
30,11,1,0,1,1,19592.67,24547.11,0,22165.90
24,10,0,0,1,1,19592.67,25064.52,0,29554.53
43,6,1,0,1,1,19912.03,16112.90,0,20688.17
55,6,1,0,1,1,19962.97,26854.84,0,14777.27
27,7,0,0,1,1,19984.52,20409.68,0,31032.26
23,10,0,0,1,1,19984.52,21483.87,0,17732.72
53,10,0,0,1,1,19984.52,21483.87,0,4433.18
48,8,0,0,1,1,19984.52,21483.87,0,19210.45
53,10,1,0,1,1,20062.89,15502.40,0,13299.54
50,7,0,0,1,1,20180.45,14322.58,0,0
40,11,1,0,1,1,20278.41,16112.90,0,19210.45
50,7,1,0,1,1,20384.21,17008.06,0,17732.72
38,9,1,0,1,1,20388.13,22407.68,0,16254.99
52,5,0,0,1,1,20572.30,16112.90,0,19210.45
36,10,0,0,1,1,20572.30,17366.13,0,14481.72
40,11,0,0,1,1,20572.30,21483.87,0,27485.71
38,11,0,0,1,1,20572.30,21483.87,0,19210.45
41,8,0,0,1,1,20572.30,22379.03,0,19633.07
43,11,0,0,1,1,20629.12,31330.64,0,26599.08
46,10,0,0,1,1,20944.56,21338.86,0,21131.49
53,8,0,0,1,1,20964.15,22033.50,0,23195.87
25,10,0,0,1,1,20964.15,23632.26,0,23495.85
44,10,1,0,1,1,20993.54,19190.47,0,25068.15
44,10,1,0,1,1,20993.54,19190.47,0,25068.15
37,8,0,0,1,1,21481.40,14322.58,0,23643.63
34,10,1,0,1,1,21551.94,10083.10,0,18471.58
46,11,0,0,1,1,21551.94,16112.90,0,13299.54
48,6,1,0,1,1,21551.94,16112.90,0,17732.72
42,10,0,0,1,1,21551.94,18798.39,0,22165.90
55,10,0,0,1,1,21551.94,19693.55,0,14777.27
39,9,0,0,1,1,21551.94,19693.55,0,20688.17
41,10,1,0,1,1,21551.94,20767.74,0,25121.35
33,8,1,0,1,1,21551.94,22379.03,0,27485.71
22,10,1,0,1,1,21551.94,25064.52,0,31032.26
25,8,0,0,1,1,21551.94,25959.68,0,25121.35
54,9,1,0,0,1,21551.94,30435.48,0,33987.71
49,8,0,0,0,1,21551.94,36316.70,0,44331.80
35,10,0,0,1,1,21583.28,23847.10,0,22756.99
43,9,0,0,1,1,21630.30,11565.48,0,11821.81
39,7,0,0,1,1,21712.60,24065.52,0,23643.63
47,10,0,1,1,1,21943.79,18977.42,0,19210.45
51,10,0,0,1,1,21943.79,23274.19,0,25860.21
51,10,0,0,1,1,21943.79,23274.19,0,25860.21
49,5,0,1,1,1,22041.75,23274.19,0,20392.63
48,11,0,0,1,1,22178.90,19693.55,0,16254.99
48,11,0,0,1,1,22178.90,19693.55,0,16254.99
30,10,1,0,1,1,22335.64,0,0,121173.58
31,9,0,0,1,1,22531.57,21483.87,0,0
28,9,0,0,1,1,22727.49,20767.74,0,22904.76
49,10,0,0,1,1,22727.49,23095.16,0,24086.94
48,10,0,0,1,1,22727.49,26854.84,0,27042.40
49,9,0,0,1,1,22727.49,30435.48,0,29554.53
49,4,1,0,1,1,22968.48,28645.16,0,22165.90
32,10,0,0,1,1,23025.30,21483.87,0,33987.71
30,11,0,0,1,1,23119.35,20051.61,0,22018.13
47,10,0,0,1,1,23236.90,17903.23,0,35364.95
31,10,0,0,1,1,23315.28,2467.06,0,15220.58
48,10,0,0,1,1,23511.20,2864.52,0,0
28,11,0,0,1,1,23511.20,5370.97,0,21796.47
33,10,1,0,1,1,23511.20,12532.26,0,18471.58
52,8,1,0,0,1,23511.20,15217.74,0,7093.09
53,5,0,0,1,1,23511.20,17903.23,0,20215.30
42,6,0,0,1,1,23511.20,17903.23,0,23643.63
42,6,0,0,1,1,23511.20,17903.23,0,23643.63
42,6,0,0,1,1,23511.20,17903.23,0,23643.63
42,8,0,0,1,1,23511.20,18798.39,0,26569.52
30,9,0,0,1,1,23511.20,19441.11,0,26599.08
36,7,1,0,1,1,23511.20,21483.87,0,13299.54
54,8,0,0,1,1,23511.20,21483.87,0,19210.45
42,9,0,0,1,1,23511.20,21841.94,0,26303.53
51,8,1,0,1,1,23511.20,23274.19,0,23643.63
24,10,0,0,1,1,23511.20,25062.73,0,29678.66
23,10,0,0,1,1,23511.20,25064.52,0,25121.35
50,8,0,0,1,1,23511.20,25243.55,0,26155.76
51,11,0,0,1,1,23511.20,25780.64,0,27190.17
51,8,0,0,1,1,23511.20,26407.26,0,22165.90
51,8,0,0,1,1,23511.20,27019.55,0,27337.94
30,10,0,0,1,1,23511.20,28645.16,0,28047.25
52,11,0,0,1,1,23568.02,0,0,0
50,8,1,0,1,1,23707.13,28913.71,0,31032.26
29,10,0,0,1,1,23711.05,26854.84,0,13299.54
48,9,0,0,1,1,23859.95,25064.52,0,26968.51
30,9,0,0,1,1,23903.05,23900.81,0,23791.40
37,8,0,0,1,1,24098.98,22823.03,0,23145.63
28,11,0,0,1,1,24098.98,24169.36,0,35465.44
44,11,1,0,1,1,24294.91,35806.45,0,29554.53
44,11,1,0,1,1,24294.91,35806.45,0,29554.53
54,3,0,0,1,1,24530.02,19514.52,0,30549.04
52,9,0,0,1,1,24627.98,25064.52,0,19210.45
35,9,1,0,1,1,24686.76,16829.03,0,20392.63
32,10,0,0,1,1,24686.76,27033.87,0,22904.76
47,7,0,0,1,1,24784.72,23811.29,0,25860.21
30,11,0,0,1,1,24882.69,26854.84,0,33248.85
49,6,0,0,1,1,25274.54,21841.94,0,29111.21
48,8,0,0,1,1,25470.47,0,0,13299.54
32,9,0,0,1,1,25470.47,1432.26,0,24803.64
44,6,0,0,1,1,25470.47,7619.61,0,11821.81
48,8,0,1,1,1,25470.47,16112.90,0,23643.63
52,7,1,0,0,1,25470.47,17903.23,0,25121.35
49,11,0,0,1,1,25470.47,19693.55,0,481.74
38,9,0,0,1,1,25470.47,21483.87,0,47287.25
46,8,1,0,1,1,25470.47,21483.87,0,11390.32
40,8,0,0,1,1,25470.47,21483.87,0,16254.99
44,3,1,0,1,1,25470.47,21483.87,0,26599.08
40,10,1,0,0,1,25470.47,23274.19,0,20688.17
26,8,1,0,1,1,25470.47,23274.19,0,23643.63
49,11,0,0,1,1,25470.47,25064.52,0,25121.35
51,11,0,0,1,1,25470.47,25064.52,0,26599.08
44,8,0,0,1,1,25470.47,26854.84,0,25860.21
47,8,0,0,1,1,25707.54,25064.52,0,19062.67
49,8,0,0,1,1,25862.32,22916.13,0,16254.99
40,8,0,0,1,1,25862.32,26138.71,0,26155.76
48,10,0,0,0,1,26058.25,26854.84,0,33043.45
35,9,1,0,1,1,26134.66,24169.36,0,26599.08
44,6,0,1,1,1,26450.10,3580.65,0,0
42,11,0,0,1,1,26450.10,22379.03,0,23327.39
31,8,0,0,1,1,26450.10,32225.81,0,26953.73
46,11,0,0,1,1,26841.96,29361.29,0,36943.16
51,10,1,0,1,1,27037.88,21483.87,0,26894.62
50,8,0,0,0,1,27084.90,21125.81,0,26599.08
46,11,0,0,1,1,27429.73,9846.77,0,16993.86
51,10,1,0,1,1,27429.73,25064.52,0,24382.49
41,7,1,0,1,1,27429.73,26708.03,0,14777.27
39,8,1,0,1,1,27429.73,26854.84,0,28076.80
48,10,1,0,1,1,27429.73,30435.48,0,29554.53
48,10,1,0,1,1,27429.73,30435.48,0,29554.53
50,10,0,0,1,1,27429.73,32225.81,0,33987.71
49,6,1,0,1,1,27429.73,34016.13,0,32509.98
49,8,0,0,1,1,27482.63,25064.52,0,27337.94
47,7,0,0,1,1,27821.59,27929.03,0,28925.02
42,9,0,0,1,1,28017.52,23453.23,0,26377.42
42,9,0,0,1,1,28017.52,23453.23,0,26377.42
45,10,0,0,1,1,28017.52,32225.81,0,36943.16
55,10,0,0,1,1,28331.00,28602.19,0,28815.67
40,11,0,0,1,1,28409.37,12532.26,0,13299.54
48,8,0,0,1,1,28409.37,26317.74,0,28076.80
36,10,0,1,1,1,28409.37,28645.16,0,39159.75
46,9,1,0,1,1,28605.29,32225.81,0,41376.34
46,10,0,0,1,1,28765.96,19514.52,0,25676.98
45,9,1,0,1,1,28863.92,26854.84,0,36943.16
49,7,0,0,1,1,29247.94,20767.74,0,21341.33
37,10,0,0,1,1,29369.41,27750,0,39898.62
48,9,0,0,1,1,29389.00,19693.55,0,23052.54
37,11,1,0,1,1,29389.00,21483.87,0,13063.10
28,10,0,0,1,1,29389.00,23274.19,0,22904.76
36,11,1,0,0,1,29389.00,25982.95,0,45809.52
40,11,0,0,1,1,29389.00,26407.26,0,31032.26
44,10,0,0,1,1,29389.00,26854.84,0,23643.63
47,10,1,0,1,1,29389.00,26854.84,0,0
47,10,1,0,1,1,29389.00,26854.84,0,0
30,11,0,1,1,1,29389.00,26854.84,0,36943.16
33,10,0,0,1,1,29389.00,28645.16,0,36499.85
48,9,0,0,1,1,29389.00,32225.81,0,31032.26
19,11,1,0,0,1,29726.00,8806.60,0,9457.45
38,9,0,0,1,1,29976.78,25064.52,0,47287.25
42,9,0,0,0,1,30368.63,19693.55,0,35465.44
32,10,1,0,1,1,30930.95,35806.45,0,38125.35
55,11,0,0,1,1,31048.50,31053.14,0,28076.80
37,11,0,0,1,1,31250.30,26854.84,0,36943.16
21,10,0,0,1,1,31348.27,10741.93,0,44331.80
51,11,1,0,1,1,31348.27,21483.87,0,26007.99
42,6,1,0,1,1,31348.27,28645.16,0,20688.17
42,5,1,0,1,1,31348.27,32225.81,0,23643.63
52,11,0,0,1,1,31348.27,33120.97,0,28076.80
45,5,0,0,1,1,31348.27,37596.77,0,31477.05
49,8,0,0,1,1,31348.27,37596.77,0,38420.89
48,8,0,0,1,1,31510.89,35795.71,0,28076.80
48,8,0,0,1,1,31510.89,35795.71,0,28076.80
55,7,1,0,1,1,32504.24,26854.84,0,31918.89
55,7,1,0,1,1,32504.24,26854.84,0,31918.89
47,11,0,0,1,1,32719.76,30435.48,0,36943.16
51,8,0,0,1,1,33111.61,27750,0,32362.21
54,11,0,0,1,1,33158.63,32225.81,0,36943.16
42,9,0,0,1,1,33221.33,32225.81,0,33987.71
42,9,0,0,1,1,33221.33,32225.81,0,33987.71
51,8,1,0,1,1,33299.70,25064.52,0,25121.35
55,2,1,0,1,1,33307.54,20946.77,0,28076.80
32,10,0,0,1,1,33307.54,25064.52,0,29554.53
38,8,0,0,1,1,33307.54,35448.39,0,33987.71
42,11,0,0,1,1,33307.54,44758.07,0,54675.88
49,8,0,0,1,1,33699.39,28645.16,0,2955.45
35,7,0,0,1,1,34091.24,28287.10,0,25121.35
46,11,0,0,1,1,34287.17,30077.42,0,39898.62
46,11,0,0,1,1,34287.17,30077.42,0,39898.62
31,11,0,0,1,1,34483.10,35806.45,0,36943.16
52,10,0,0,1,1,35266.80,17187.10,0,39159.75
51,8,1,0,1,1,35266.80,25064.52,0,1182.18
51,9,0,0,0,1,35266.80,32225.81,0,39898.62
52,8,1,0,1,1,35266.80,33120.97,0,44147.08
49,6,0,0,1,1,35266.80,33120.97,0,26894.62
48,10,0,0,1,1,35266.80,34911.29,0,38568.66
31,10,0,0,1,1,35266.80,35806.45,0,44331.80
42,11,0,0,1,1,35266.80,44758.07,0,38420.89
50,11,0,0,1,1,36205.29,38563.55,0,31032.26
50,11,0,0,1,1,36205.29,38563.55,0,31032.26
37,10,0,0,1,1,36246.44,17545.16,0,17732.72
37,10,0,0,1,1,36246.44,17545.16,0,17732.72
55,11,0,0,1,1,36638.29,37417.74,0,32177.50
50,11,0,0,1,1,36677.48,46548.39,0,47287.25
41,8,1,0,1,1,36691.19,32888.23,0,42262.98
49,8,0,0,1,1,37226.07,14322.58,0,23643.63
48,8,1,0,1,1,37226.07,26854.84,0,30569.73
48,8,1,0,1,1,37226.07,26854.84,0,30569.73
48,6,0,1,1,1,38670.05,42967.74,0,36943.16
48,6,0,1,1,1,38670.05,42967.74,0,36943.16
46,11,0,0,1,1,39185.34,39387.10,0,35465.44
29,10,0,0,1,1,41144.60,8951.61,0,31032.26
55,8,0,0,1,1,43025.50,37972.74,0,51580.05
32,10,0,0,1,1,43103.87,39387.10,0,36943.16
47,8,0,0,1,1,44667.36,33837.10,0,38568.66
32,8,0,0,1,1,47022.40,67137.09,0,59109.06
47,10,0,0,1,1,48197.96,47968.11,0,55710.29
54,0,0,1,1,1,49228.54,44220.97,0,20540.40
40,8,0,0,1,1,50940.94,55500,0,53198.16
